-- phpMyAdmin SQL Dump
-- version 5.2.1
-- https://www.phpmyadmin.net/
--
-- Host: 127.0.0.1
-- Generation Time: Jul 14, 2025 at 11:08 AM
-- Server version: 10.4.32-MariaDB
-- PHP Version: 8.2.12

SET SQL_MODE = "NO_AUTO_VALUE_ON_ZERO";
START TRANSACTION;
SET time_zone = "+00:00";


/*!40101 SET @OLD_CHARACTER_SET_CLIENT=@@CHARACTER_SET_CLIENT */;
/*!40101 SET @OLD_CHARACTER_SET_RESULTS=@@CHARACTER_SET_RESULTS */;
/*!40101 SET @OLD_COLLATION_CONNECTION=@@COLLATION_CONNECTION */;
/*!40101 SET NAMES utf8mb4 */;

--
-- Database: `bus_manage`
--

-- --------------------------------------------------------

--
-- Table structure for table `bus_info`
--

CREATE TABLE `bus_info` (
  `bi_id` int(11) NOT NULL,
  `bi_licenseplate` varchar(10) NOT NULL,
  `bi_model` varchar(255) NOT NULL,
  `bi_capacity` int(11) NOT NULL,
  `br_id` int(11) NOT NULL,
  `bt_id` int(11) NOT NULL,
  `bs_id` int(11) NOT NULL
) ENGINE=InnoDB DEFAULT CHARSET=utf8 COLLATE=utf8_general_ci;

--
-- Dumping data for table `bus_info`
--

INSERT INTO `bus_info` (`bi_id`, `bi_licenseplate`, `bi_model`, `bi_capacity`, `br_id`, `bt_id`, `bs_id`) VALUES
(1, '11-0001', 'Scania K360IB', 32, 1, 1, 1),
(2, '12-0002', 'Volvo B7R', 23, 1, 2, 1),
(3, '13-0003', 'Mercedes-Benz O500RS', 32, 1, 3, 1),
(4, '14-0004', 'Scania K360IB', 23, 1, 4, 1),
(5, '15-0005', 'Volvo B7R', 32, 1, 5, 1),
(6, '16-0006', 'Mercedes-Benz O500RS', 23, 2, 6, 1),
(7, '17-0007', 'Scania K360IB', 32, 3, 1, 1),
(8, '18-0008', 'Volvo B7R', 23, 4, 2, 1),
(9, '19-0009', 'Mercedes-Benz O500RS', 32, 5, 3, 1),
(10, '20-0010', 'Scania K360IB', 23, 6, 4, 1),
(11, '21-0011', 'Volvo B7R', 32, 7, 5, 1),
(12, '22-0012', 'Mercedes-Benz O500RS', 23, 8, 6, 1),
(13, '11-0013', 'Scania K360IB', 32, 9, 1, 1),
(14, '12-0014', 'Volvo B7R', 23, 10, 2, 1),
(15, '13-0015', 'Mercedes-Benz O500RS', 32, 11, 3, 1),
(16, '14-0016', 'Scania K360IB', 23, 12, 4, 1),
(17, '15-0017', 'Volvo B7R', 32, 13, 5, 1),
(18, '16-0018', 'Mercedes-Benz O500RS', 23, 14, 6, 1),
(19, '17-0019', 'Scania K360IB', 32, 15, 1, 1),
(20, '18-0020', 'Volvo B7R', 23, 16, 2, 1),
(21, '19-0021', 'Mercedes-Benz O500RS', 32, 17, 3, 1),
(22, '20-0022', 'Scania K360IB', 23, 18, 4, 1),
(23, '21-0023', 'Volvo B7R', 32, 19, 5, 1),
(24, '22-0024', 'Mercedes-Benz O500RS', 23, 20, 6, 1),
(25, '11-0025', 'Scania K360IB', 32, 21, 1, 1),
(26, '12-0026', 'Volvo B7R', 23, 22, 2, 1),
(27, '13-0027', 'Mercedes-Benz O500RS', 32, 23, 3, 1),
(28, '14-0028', 'Scania K360IB', 23, 24, 4, 1),
(29, '15-0029', 'Volvo B7R', 32, 25, 5, 1),
(30, '16-0030', 'Mercedes-Benz O500RS', 23, 26, 6, 1),
(31, '17-0031', 'Scania K360IB', 32, 27, 1, 1),
(32, '18-0032', 'Volvo B7R', 23, 28, 2, 1),
(33, '19-0033', 'Mercedes-Benz O500RS', 32, 29, 3, 1),
(34, '20-0034', 'Scania K360IB', 23, 30, 4, 1),
(35, '21-0035', 'Volvo B7R', 32, 31, 5, 1),
(36, '22-0036', 'Mercedes-Benz O500RS', 23, 32, 6, 1),
(37, '11-0037', 'Scania K360IB', 32, 33, 1, 1),
(38, '12-0038', 'Volvo B7R', 23, 34, 2, 1),
(39, '13-0039', 'Mercedes-Benz O500RS', 32, 35, 3, 1),
(40, '14-0040', 'Scania K360IB', 23, 36, 4, 1),
(41, '15-0041', 'Volvo B7R', 32, 37, 5, 1),
(42, '16-0042', 'Mercedes-Benz O500RS', 23, 38, 6, 1),
(43, '17-0043', 'Scania K360IB', 32, 39, 1, 1),
(44, '18-0044', 'Volvo B7R', 23, 40, 2, 1),
(45, '19-0045', 'Mercedes-Benz O500RS', 32, 41, 3, 1),
(46, '20-0046', 'Scania K360IB', 23, 42, 4, 1),
(47, '21-0047', 'Volvo B7R', 32, 43, 5, 1),
(48, '22-0048', 'Mercedes-Benz O500RS', 23, 44, 6, 1),
(49, '11-0049', 'Scania K360IB', 32, 45, 1, 1),
(50, '12-0050', 'Volvo B7R', 23, 46, 2, 1),
(51, '13-0051', 'Mercedes-Benz O500RS', 32, 47, 3, 1),
(52, '14-0052', 'Scania K360IB', 23, 48, 4, 1),
(53, '15-0053', 'Volvo B7R', 32, 49, 5, 1),
(54, '16-0054', 'Mercedes-Benz O500RS', 23, 50, 6, 1),
(55, '17-0055', 'Scania K360IB', 32, 51, 1, 1),
(56, '18-0056', 'Volvo B7R', 23, 2, 2, 1),
(57, '19-0057', 'Mercedes-Benz O500RS', 32, 3, 3, 1),
(58, '20-0058', 'Scania K360IB', 23, 4, 4, 1),
(59, '21-0059', 'Volvo B7R', 32, 5, 5, 1),
(60, '22-0060', 'Mercedes-Benz O500RS', 23, 6, 6, 1),
(61, '11-0061', 'Scania K360IB', 32, 7, 1, 1),
(62, '12-0062', 'Volvo B7R', 23, 8, 2, 1),
(63, '13-0063', 'Mercedes-Benz O500RS', 32, 9, 3, 1),
(64, '14-0064', 'Scania K360IB', 23, 10, 4, 1),
(65, '15-0065', 'Volvo B7R', 32, 11, 5, 1),
(66, '16-0066', 'Mercedes-Benz O500RS', 23, 12, 6, 1),
(67, '17-0067', 'Scania K360IB', 32, 13, 1, 1),
(68, '18-0068', 'Volvo B7R', 23, 14, 2, 1),
(69, '19-0069', 'Mercedes-Benz O500RS', 32, 15, 3, 1),
(70, '20-0070', 'Scania K360IB', 23, 16, 4, 1),
(71, '21-0071', 'Volvo B7R', 32, 17, 5, 1),
(72, '22-0072', 'Mercedes-Benz O500RS', 23, 18, 6, 1),
(73, '11-0073', 'Scania K360IB', 32, 19, 1, 1),
(74, '12-0074', 'Volvo B7R', 23, 20, 2, 1),
(75, '13-0075', 'Mercedes-Benz O500RS', 32, 21, 3, 1),
(76, '14-0076', 'Scania K360IB', 23, 22, 4, 1),
(77, '15-0077', 'Volvo B7R', 32, 23, 5, 1),
(78, '16-0078', 'Mercedes-Benz O500RS', 23, 24, 6, 1),
(79, '17-0079', 'Scania K360IB', 32, 25, 1, 1),
(80, '18-0080', 'Volvo B7R', 23, 26, 2, 1),
(81, '19-0081', 'Mercedes-Benz O500RS', 32, 27, 3, 1),
(82, '20-0082', 'Scania K360IB', 23, 28, 4, 1),
(83, '21-0083', 'Volvo B7R', 32, 29, 5, 1),
(84, '22-0084', 'Mercedes-Benz O500RS', 23, 30, 6, 1),
(85, '11-0085', 'Scania K360IB', 32, 31, 1, 1),
(86, '12-0086', 'Volvo B7R', 23, 32, 2, 1),
(87, '13-0087', 'Mercedes-Benz O500RS', 32, 33, 3, 1),
(88, '14-0088', 'Scania K360IB', 23, 34, 4, 1),
(89, '15-0089', 'Volvo B7R', 32, 35, 5, 1),
(90, '16-0090', 'Mercedes-Benz O500RS', 23, 36, 6, 1),
(91, '17-0091', 'Scania K360IB', 32, 37, 1, 1),
(92, '18-0092', 'Volvo B7R', 23, 38, 2, 1),
(93, '19-0093', 'Mercedes-Benz O500RS', 32, 39, 3, 1),
(94, '20-0094', 'Scania K360IB', 23, 40, 4, 1),
(95, '21-0095', 'Volvo B7R', 32, 41, 5, 1),
(96, '22-0096', 'Mercedes-Benz O500RS', 23, 42, 6, 1),
(97, '11-0097', 'Scania K360IB', 32, 43, 1, 1),
(98, '12-0098', 'Volvo B7R', 23, 44, 2, 1),
(99, '13-0099', 'Mercedes-Benz O500RS', 32, 45, 3, 1),
(100, '14-0100', 'Scania K360IB', 23, 46, 4, 1),
(101, '15-0101', 'Volvo B7R', 32, 47, 5, 1),
(102, '16-0102', 'Mercedes-Benz O500RS', 23, 48, 6, 1),
(103, '17-0103', 'Scania K360IB', 32, 49, 1, 1),
(104, '18-0104', 'Volvo B7R', 23, 50, 2, 1),
(105, '19-0105', 'Mercedes-Benz O500RS', 32, 51, 3, 1),
(106, '20-0106', 'Scania K360IB', 23, 2, 4, 1),
(107, '21-0107', 'Volvo B7R', 32, 3, 5, 1),
(108, '22-0108', 'Mercedes-Benz O500RS', 23, 4, 6, 1),
(109, '11-0109', 'Scania K360IB', 32, 5, 1, 1),
(110, '12-0110', 'Volvo B7R', 23, 6, 2, 1),
(111, '13-0111', 'Mercedes-Benz O500RS', 32, 7, 3, 1),
(112, '14-0112', 'Scania K360IB', 23, 8, 4, 1),
(113, '15-0113', 'Volvo B7R', 32, 9, 5, 1),
(114, '16-0114', 'Mercedes-Benz O500RS', 23, 10, 6, 1),
(115, '17-0115', 'Scania K360IB', 32, 11, 1, 1),
(116, '18-0116', 'Volvo B7R', 23, 12, 2, 1),
(117, '19-0117', 'Mercedes-Benz O500RS', 32, 13, 3, 1),
(118, '20-0118', 'Scania K360IB', 23, 14, 4, 1),
(119, '21-0119', 'Volvo B7R', 32, 15, 5, 1),
(120, '22-0120', 'Mercedes-Benz O500RS', 23, 16, 6, 1),
(121, '11-0121', 'Scania K360IB', 32, 17, 1, 1),
(122, '12-0122', 'Volvo B7R', 23, 18, 2, 1),
(123, '13-0123', 'Mercedes-Benz O500RS', 32, 19, 3, 1),
(124, '14-0124', 'Scania K360IB', 23, 20, 4, 1),
(125, '15-0125', 'Volvo B7R', 32, 21, 5, 1),
(126, '16-0126', 'Mercedes-Benz O500RS', 23, 22, 6, 1),
(127, '17-0127', 'Scania K360IB', 32, 23, 1, 1),
(128, '18-0128', 'Volvo B7R', 23, 24, 2, 1),
(129, '19-0129', 'Mercedes-Benz O500RS', 32, 25, 3, 1),
(130, '20-0130', 'Scania K360IB', 23, 26, 4, 1),
(131, '21-0131', 'Volvo B7R', 32, 27, 5, 1),
(132, '22-0132', 'Mercedes-Benz O500RS', 23, 28, 6, 1),
(133, '11-0133', 'Scania K360IB', 32, 29, 1, 1),
(134, '12-0134', 'Volvo B7R', 23, 30, 2, 1),
(135, '13-0135', 'Mercedes-Benz O500RS', 32, 31, 3, 1),
(136, '14-0136', 'Scania K360IB', 23, 32, 4, 1),
(137, '15-0137', 'Volvo B7R', 32, 33, 5, 1),
(138, '16-0138', 'Mercedes-Benz O500RS', 23, 34, 6, 1),
(139, '17-0139', 'Scania K360IB', 32, 35, 1, 1),
(140, '18-0140', 'Volvo B7R', 23, 36, 2, 1),
(141, '19-0141', 'Mercedes-Benz O500RS', 32, 37, 3, 1),
(142, '20-0142', 'Scania K360IB', 23, 38, 4, 1),
(143, '21-0143', 'Volvo B7R', 32, 39, 5, 1),
(144, '22-0144', 'Mercedes-Benz O500RS', 23, 40, 6, 1),
(145, '11-0145', 'Scania K360IB', 32, 41, 1, 1),
(146, '12-0146', 'Volvo B7R', 23, 42, 2, 1),
(147, '13-0147', 'Mercedes-Benz O500RS', 32, 43, 3, 1),
(148, '14-0148', 'Scania K360IB', 23, 44, 4, 1),
(149, '15-0149', 'Volvo B7R', 32, 45, 5, 1),
(150, '16-0150', 'Mercedes-Benz O500RS', 23, 46, 6, 1),
(151, '17-0151', 'Scania K360IB', 32, 47, 1, 1),
(152, '18-0152', 'Volvo B7R', 23, 48, 2, 1),
(153, '19-0153', 'Mercedes-Benz O500RS', 32, 49, 3, 1),
(154, '20-0154', 'Scania K360IB', 23, 50, 4, 1),
(155, '21-0155', 'Volvo B7R', 32, 51, 5, 1),
(156, '22-0156', 'Mercedes-Benz O500RS', 23, 2, 6, 1),
(157, '11-0157', 'Scania K360IB', 32, 3, 1, 1),
(158, '12-0158', 'Volvo B7R', 23, 4, 2, 1),
(159, '13-0159', 'Mercedes-Benz O500RS', 32, 5, 3, 1),
(160, '14-0160', 'Scania K360IB', 23, 6, 4, 1),
(161, '15-0161', 'Volvo B7R', 32, 7, 5, 1),
(162, '16-0162', 'Mercedes-Benz O500RS', 23, 8, 6, 1),
(163, '17-0163', 'Scania K360IB', 32, 9, 1, 1),
(164, '18-0164', 'Volvo B7R', 23, 10, 2, 1),
(165, '19-0165', 'Mercedes-Benz O500RS', 32, 11, 3, 1),
(166, '20-0166', 'Scania K360IB', 23, 12, 4, 1),
(167, '21-0167', 'Volvo B7R', 32, 13, 5, 1),
(168, '22-0168', 'Mercedes-Benz O500RS', 23, 14, 6, 1),
(169, '11-0169', 'Scania K360IB', 32, 15, 1, 1),
(170, '12-0170', 'Volvo B7R', 23, 16, 2, 1),
(171, '13-0171', 'Mercedes-Benz O500RS', 32, 17, 3, 1),
(172, '14-0172', 'Scania K360IB', 23, 18, 4, 1),
(173, '15-0173', 'Volvo B7R', 32, 19, 5, 1),
(174, '16-0174', 'Mercedes-Benz O500RS', 23, 20, 6, 1),
(175, '17-0175', 'Scania K360IB', 32, 21, 1, 1),
(176, '18-0176', 'Volvo B7R', 23, 22, 2, 1),
(177, '19-0177', 'Mercedes-Benz O500RS', 32, 23, 3, 1),
(178, '20-0178', 'Scania K360IB', 23, 24, 4, 1),
(179, '21-0179', 'Volvo B7R', 32, 25, 5, 1),
(180, '22-0180', 'Mercedes-Benz O500RS', 23, 26, 6, 1),
(181, '11-0181', 'Scania K360IB', 32, 27, 1, 1),
(182, '12-0182', 'Volvo B7R', 23, 28, 2, 1),
(183, '13-0183', 'Mercedes-Benz O500RS', 32, 29, 3, 1),
(184, '14-0184', 'Scania K360IB', 23, 30, 4, 1),
(185, '15-0185', 'Volvo B7R', 32, 31, 5, 1),
(186, '16-0186', 'Mercedes-Benz O500RS', 23, 32, 6, 1),
(187, '17-0187', 'Scania K360IB', 32, 33, 1, 1),
(188, '18-0188', 'Volvo B7R', 23, 34, 2, 1),
(189, '19-0189', 'Mercedes-Benz O500RS', 32, 35, 3, 1),
(190, '20-0190', 'Scania K360IB', 23, 36, 4, 1),
(191, '21-0191', 'Volvo B7R', 32, 37, 5, 1),
(192, '22-0192', 'Mercedes-Benz O500RS', 23, 38, 6, 1),
(193, '11-0193', 'Scania K360IB', 32, 39, 1, 1),
(194, '12-0194', 'Volvo B7R', 23, 40, 2, 1),
(195, '13-0195', 'Mercedes-Benz O500RS', 32, 41, 3, 1),
(196, '14-0196', 'Scania K360IB', 23, 42, 4, 1),
(197, '15-0197', 'Volvo B7R', 32, 43, 5, 1),
(198, '16-0198', 'Mercedes-Benz O500RS', 23, 44, 6, 1),
(199, '17-0199', 'Scania K360IB', 32, 45, 1, 1),
(200, '18-0200', 'Volvo B7R', 23, 46, 2, 1);

-- --------------------------------------------------------

--
-- Table structure for table `bus_plan`
--

CREATE TABLE `bus_plan` (
  `bp_id` int(11) NOT NULL,
  `bz_id` int(11) NOT NULL,
  `br_id` int(11) NOT NULL,
  `bs_id` int(11) NOT NULL
) ENGINE=InnoDB DEFAULT CHARSET=utf8 COLLATE=utf8_general_ci;

-- --------------------------------------------------------

--
-- Table structure for table `bus_routes`
--

CREATE TABLE `bus_routes` (
  `br_id` int(11) NOT NULL,
  `br_start` int(11) NOT NULL,
  `br_end` int(11) NOT NULL,
  `bz_id` int(11) NOT NULL
) ENGINE=InnoDB DEFAULT CHARSET=utf8 COLLATE=utf8_general_ci;

--
-- Dumping data for table `bus_routes`
--

INSERT INTO `bus_routes` (`br_id`, `br_start`, `br_end`, `bz_id`) VALUES
(1, 1, 2, 1),
(2, 1, 9, 1),
(3, 1, 10, 1),
(4, 1, 11, 1),
(5, 1, 12, 1),
(6, 1, 13, 1),
(7, 1, 14, 1),
(8, 1, 15, 1),
(9, 1, 16, 1),
(10, 1, 17, 1),
(11, 1, 18, 1),
(12, 1, 19, 1),
(13, 1, 20, 1),
(14, 1, 21, 1),
(15, 1, 22, 1),
(16, 1, 23, 1),
(17, 1, 24, 1),
(18, 1, 25, 1),
(19, 1, 26, 1),
(20, 1, 27, 1),
(21, 1, 28, 1),
(22, 1, 29, 1),
(23, 1, 30, 1),
(24, 1, 31, 1),
(25, 1, 32, 1),
(26, 1, 33, 1),
(27, 1, 3, 2),
(28, 1, 4, 2),
(29, 1, 5, 2),
(30, 1, 6, 2),
(31, 1, 7, 2),
(32, 1, 8, 2),
(33, 9, 5, 3),
(34, 9, 4, 3),
(35, 9, 34, 3),
(36, 12, 34, 3),
(37, 34, 5, 3),
(38, 35, 34, 3),
(39, 3, 34, 3),
(40, 11, 34, 3),
(41, 4, 34, 3),
(42, 8, 34, 3),
(43, 9, 3, 3),
(44, 13, 34, 3),
(45, 12, 5, 3),
(46, 36, 34, 3),
(47, 2, 34, 3),
(48, 15, 34, 3),
(49, 22, 34, 3),
(50, 21, 34, 3),
(51, 18, 34, 3);

-- --------------------------------------------------------

--
-- Table structure for table `bus_status`
--

CREATE TABLE `bus_status` (
  `bs_id` int(11) NOT NULL,
  `bs_name` varchar(20) NOT NULL,
  `bs_color` varchar(20) NOT NULL
) ENGINE=InnoDB DEFAULT CHARSET=utf8 COLLATE=utf8_general_ci;

--
-- Dumping data for table `bus_status`
--

INSERT INTO `bus_status` (`bs_id`, `bs_name`, `bs_color`) VALUES
(1, 'พร้อม', 'bg-success'),
(2, 'ออกจากต้นทาง', 'bg-primary'),
(3, 'กำลังเดินทาง', 'bg-info'),
(4, 'ถึงปลายทาง', 'bg-secondary'),
(5, 'กำลังตรวจสอบ', 'bg-warning'),
(6, 'เกิดปัญหาร้ายแรง', 'ิbg-danger'),
(7, 'กำลังซ่อม', ''),
(8, 'จอดพัก', '');

-- --------------------------------------------------------

--
-- Table structure for table `bus_sub_class`
--

CREATE TABLE `bus_sub_class` (
  `bsc_id` int(11) NOT NULL,
  `bsc_name` varchar(100) NOT NULL
) ENGINE=InnoDB DEFAULT CHARSET=utf8 COLLATE=utf8_general_ci;

--
-- Dumping data for table `bus_sub_class`
--

INSERT INTO `bus_sub_class` (`bsc_id`, `bsc_name`) VALUES
(1, 'NCA First Class'),
(2, 'Safety Coach'),
(3, 'Social Distancing'),
(4, 'NCA Gold Class'),
(5, 'Social Distancing V.2');

-- --------------------------------------------------------

--
-- Table structure for table `bus_type`
--

CREATE TABLE `bus_type` (
  `bt_id` int(11) NOT NULL,
  `bt_name` varchar(255) NOT NULL,
  `bsc_id` int(11) NOT NULL
) ENGINE=InnoDB DEFAULT CHARSET=utf8 COLLATE=utf8_general_ci;

--
-- Dumping data for table `bus_type`
--

INSERT INTO `bus_type` (`bt_id`, `bt_name`, `bsc_id`) VALUES
(1, 'First Class', 1),
(2, 'First Class', 2),
(3, 'First Class', 3),
(4, 'Gold Class', 2),
(5, 'Gold Class', 4),
(6, 'Gold Class', 5);

-- --------------------------------------------------------

--
-- Table structure for table `bus_zone`
--

CREATE TABLE `bus_zone` (
  `bz_id` int(11) NOT NULL,
  `bz_name_th` varchar(255) NOT NULL,
  `bz_name_en` varchar(255) NOT NULL
) ENGINE=InnoDB DEFAULT CHARSET=utf8 COLLATE=utf8_general_ci;

--
-- Dumping data for table `bus_zone`
--

INSERT INTO `bus_zone` (`bz_id`, `bz_name_th`, `bz_name_en`) VALUES
(1, 'ภาคตะวันออกเฉียงเหนือ (อีสาน)', 'Northeastern'),
(2, 'ภาคเหนือ', 'Northern'),
(3, 'ต่างจังหวัด', 'Cross-regional');

-- --------------------------------------------------------

--
-- Table structure for table `driver_status`
--

CREATE TABLE `driver_status` (
  `ds_id` int(11) NOT NULL,
  `ds_name_th` varchar(255) NOT NULL,
  `ds_name_en` varchar(255) NOT NULL
) ENGINE=InnoDB DEFAULT CHARSET=utf8 COLLATE=utf8_general_ci;

--
-- Dumping data for table `driver_status`
--

INSERT INTO `driver_status` (`ds_id`, `ds_name_th`, `ds_name_en`) VALUES
(1, 'พร้อม', 'ready'),
(2, 'กำลังตรวจสอบ', ''),
(3, 'ไม่พร้อม', '');

-- --------------------------------------------------------

--
-- Table structure for table `dri_plan_t`
--

CREATE TABLE `dri_plan_t` (
  `dpt_id` int(11) NOT NULL,
  `dpt_date_start` date NOT NULL,
  `dpt_time_start` time NOT NULL,
  `dpt_date_end` date NOT NULL,
  `dpt_time_end` time NOT NULL,
  `br_id` int(11) NOT NULL,
  `pt_id` int(11) NOT NULL,
  `group` int(11) NOT NULL,
  `bs_id` int(11) NOT NULL
) ENGINE=InnoDB DEFAULT CHARSET=utf8 COLLATE=utf8_general_ci;

--
-- Dumping data for table `dri_plan_t`
--

INSERT INTO `dri_plan_t` (`dpt_id`, `dpt_date_start`, `dpt_time_start`, `dpt_date_end`, `dpt_time_end`, `br_id`, `pt_id`, `group`, `bs_id`) VALUES
(1, '2025-07-11', '13:00:00', '2025-07-11', '17:00:00', 1, 1, 1, 1),
(2, '2025-07-11', '07:25:00', '2025-07-11', '11:25:00', 1, 2, 2, 1),
(3, '2025-07-11', '09:50:00', '2025-07-11', '13:50:00', 1, 1, 3, 1),
(4, '2025-07-11', '16:05:00', '2025-07-11', '20:05:00', 1, 2, 4, 1),
(5, '2025-07-11', '10:40:00', '2025-07-11', '14:40:00', 1, 1, 5, 1),
(6, '2025-07-11', '11:15:00', '2025-07-11', '15:15:00', 2, 1, 6, 1),
(7, '2025-07-11', '08:35:00', '2025-07-11', '12:35:00', 3, 1, 7, 1),
(8, '2025-07-11', '14:20:00', '2025-07-11', '18:20:00', 4, 1, 8, 1),
(9, '2025-07-11', '06:55:00', '2025-07-11', '10:55:00', 5, 1, 9, 1),
(10, '2025-07-11', '17:40:00', '2025-07-11', '21:40:00', 6, 1, 10, 1),
(11, '2025-07-11', '12:10:00', '2025-07-11', '16:10:00', 7, 1, 11, 1),
(12, '2025-07-11', '15:30:00', '2025-07-11', '19:30:00', 8, 1, 12, 1),
(13, '2025-07-11', '09:05:00', '2025-07-11', '13:05:00', 9, 1, 13, 1),
(14, '2025-07-11', '07:45:00', '2025-07-11', '11:45:00', 10, 1, 14, 1),
(15, '2025-07-11', '16:55:00', '2025-07-11', '20:55:00', 11, 1, 15, 1),
(16, '2025-07-11', '11:50:00', '2025-07-11', '15:50:00', 12, 1, 16, 1),
(17, '2025-07-11', '08:15:00', '2025-07-11', '12:15:00', 13, 1, 17, 1),
(18, '2025-07-11', '14:00:00', '2025-07-11', '18:00:00', 14, 1, 18, 1),
(19, '2025-07-11', '10:25:00', '2025-07-11', '14:25:00', 15, 1, 19, 1),
(20, '2025-07-11', '17:15:00', '2025-07-11', '21:15:00', 16, 1, 20, 1),
(21, '2025-07-11', '13:35:00', '2025-07-11', '17:35:00', 17, 1, 21, 1),
(22, '2025-07-11', '07:00:00', '2025-07-11', '11:00:00', 18, 1, 22, 1),
(23, '2025-07-11', '09:25:00', '2025-07-11', '13:25:00', 19, 1, 23, 1),
(24, '2025-07-11', '15:05:00', '2025-07-11', '19:05:00', 20, 1, 24, 1),
(25, '2025-07-11', '06:35:00', '2025-07-11', '10:35:00', 21, 1, 25, 1),
(26, '2025-07-11', '16:25:00', '2025-07-11', '20:25:00', 22, 1, 26, 1),
(27, '2025-07-11', '11:00:00', '2025-07-11', '15:00:00', 23, 1, 27, 1),
(28, '2025-07-11', '08:50:00', '2025-07-11', '12:50:00', 24, 1, 28, 1),
(29, '2025-07-11', '14:35:00', '2025-07-11', '18:35:00', 25, 1, 29, 1),
(30, '2025-07-11', '10:15:00', '2025-07-11', '14:15:00', 26, 1, 30, 1),
(31, '2025-07-11', '17:55:00', '2025-07-11', '21:55:00', 27, 1, 31, 1),
(32, '2025-07-11', '12:25:00', '2025-07-11', '16:25:00', 28, 1, 32, 1),
(33, '2025-07-11', '07:10:00', '2025-07-11', '11:10:00', 29, 1, 33, 1),
(34, '2025-07-11', '09:45:00', '2025-07-11', '13:45:00', 30, 1, 34, 1),
(35, '2025-07-11', '15:15:00', '2025-07-11', '19:15:00', 31, 1, 35, 1),
(36, '2025-07-11', '06:40:00', '2025-07-11', '10:40:00', 32, 1, 36, 1),
(37, '2025-07-11', '16:40:00', '2025-07-11', '20:40:00', 33, 1, 37, 1),
(38, '2025-07-11', '11:25:00', '2025-07-11', '15:25:00', 34, 1, 38, 1),
(39, '2025-07-11', '08:00:00', '2025-07-11', '12:00:00', 35, 1, 39, 1),
(40, '2025-07-11', '14:50:00', '2025-07-11', '18:50:00', 36, 1, 40, 1),
(41, '2025-07-11', '10:30:00', '2025-07-11', '14:30:00', 37, 1, 41, 1),
(42, '2025-07-11', '17:05:00', '2025-07-11', '21:05:00', 38, 1, 42, 1),
(43, '2025-07-11', '13:25:00', '2025-07-11', '17:25:00', 39, 1, 43, 1),
(44, '2025-07-11', '07:55:00', '2025-07-11', '11:55:00', 40, 1, 44, 1),
(45, '2025-07-11', '09:15:00', '2025-07-11', '13:15:00', 41, 1, 45, 1),
(46, '2025-07-11', '15:45:00', '2025-07-11', '19:45:00', 42, 1, 46, 1),
(47, '2025-07-11', '06:30:00', '2025-07-11', '10:30:00', 43, 1, 47, 1),
(48, '2025-07-11', '16:10:00', '2025-07-11', '20:10:00', 44, 1, 48, 1),
(49, '2025-07-11', '11:40:00', '2025-07-11', '15:40:00', 45, 1, 49, 1),
(50, '2025-07-11', '08:25:00', '2025-07-11', '12:25:00', 46, 1, 50, 1),
(51, '2025-07-11', '14:10:00', '2025-07-11', '18:10:00', 47, 1, 51, 1),
(52, '2025-07-11', '10:05:00', '2025-07-11', '14:05:00', 48, 1, 52, 1),
(53, '2025-07-11', '17:25:00', '2025-07-11', '21:25:00', 49, 1, 53, 1),
(54, '2025-07-11', '13:50:00', '2025-07-11', '17:50:00', 50, 1, 54, 1),
(55, '2025-07-11', '07:35:00', '2025-07-11', '11:35:00', 51, 1, 55, 1),
(56, '2025-07-11', '09:00:00', '2025-07-11', '13:00:00', 2, 1, 56, 1),
(57, '2025-07-11', '15:25:00', '2025-07-11', '19:25:00', 3, 1, 57, 1),
(58, '2025-07-11', '06:50:00', '2025-07-11', '10:50:00', 4, 1, 58, 1),
(59, '2025-07-11', '16:35:00', '2025-07-11', '20:35:00', 5, 1, 59, 1),
(60, '2025-07-11', '11:15:00', '2025-07-11', '15:15:00', 6, 1, 60, 1),
(61, '2025-07-11', '08:40:00', '2025-07-11', '12:40:00', 7, 1, 61, 1),
(62, '2025-07-11', '14:55:00', '2025-07-11', '18:55:00', 8, 1, 62, 1),
(63, '2025-07-11', '10:20:00', '2025-07-11', '14:20:00', 9, 1, 63, 1),
(64, '2025-07-11', '17:30:00', '2025-07-11', '21:30:00', 10, 1, 64, 1),
(65, '2025-07-11', '13:10:00', '2025-07-11', '17:10:00', 11, 1, 65, 1),
(66, '2025-07-11', '07:25:00', '2025-07-11', '11:25:00', 12, 1, 66, 1),
(67, '2025-07-11', '09:40:00', '2025-07-11', '13:40:00', 13, 1, 67, 1),
(68, '2025-07-11', '15:55:00', '2025-07-11', '19:55:00', 14, 1, 68, 1),
(69, '2025-07-11', '06:45:00', '2025-07-11', '10:45:00', 15, 1, 69, 1),
(70, '2025-07-11', '16:05:00', '2025-07-11', '20:05:00', 16, 1, 70, 1),
(71, '2025-07-11', '11:35:00', '2025-07-11', '15:35:00', 17, 1, 71, 1),
(72, '2025-07-11', '08:05:00', '2025-07-11', '12:05:00', 18, 1, 72, 1),
(73, '2025-07-11', '14:15:00', '2025-07-11', '18:15:00', 19, 1, 73, 1),
(74, '2025-07-11', '10:40:00', '2025-07-11', '14:40:00', 20, 1, 74, 1),
(75, '2025-07-11', '17:00:00', '2025-07-11', '21:00:00', 21, 1, 75, 1),
(76, '2025-07-11', '13:30:00', '2025-07-11', '17:30:00', 22, 1, 76, 1),
(77, '2025-07-11', '07:15:00', '2025-07-11', '11:15:00', 23, 1, 77, 1),
(78, '2025-07-11', '09:30:00', '2025-07-11', '13:30:00', 24, 1, 78, 1),
(79, '2025-07-11', '15:10:00', '2025-07-11', '19:10:00', 25, 1, 79, 1),
(80, '2025-07-11', '06:30:00', '2025-07-11', '10:30:00', 26, 1, 80, 1),
(81, '2025-07-11', '16:20:00', '2025-07-11', '20:20:00', 27, 1, 81, 1),
(82, '2025-07-11', '11:05:00', '2025-07-11', '15:05:00', 28, 1, 82, 1),
(83, '2025-07-11', '08:55:00', '2025-07-11', '12:55:00', 29, 1, 83, 1),
(84, '2025-07-11', '14:45:00', '2025-07-11', '18:45:00', 30, 1, 84, 1),
(85, '2025-07-11', '10:05:00', '2025-07-11', '14:05:00', 31, 1, 85, 1),
(86, '2025-07-11', '17:50:00', '2025-07-11', '21:50:00', 32, 1, 86, 1),
(87, '2025-07-11', '12:00:00', '2025-07-11', '16:00:00', 33, 1, 87, 1),
(88, '2025-07-11', '07:10:00', '2025-07-11', '11:10:00', 34, 1, 88, 1),
(89, '2025-07-11', '09:45:00', '2025-07-11', '13:45:00', 35, 1, 89, 1),
(90, '2025-07-11', '15:15:00', '2025-07-11', '19:15:00', 36, 1, 90, 1),
(91, '2025-07-11', '06:40:00', '2025-07-11', '10:40:00', 37, 1, 91, 1),
(92, '2025-07-11', '16:40:00', '2025-07-11', '20:40:00', 38, 1, 92, 1),
(93, '2025-07-11', '11:25:00', '2025-07-11', '15:25:00', 39, 1, 93, 1),
(94, '2025-07-11', '08:00:00', '2025-07-11', '12:00:00', 40, 1, 94, 1),
(95, '2025-07-11', '14:50:00', '2025-07-11', '18:50:00', 41, 1, 95, 1),
(96, '2025-07-11', '10:30:00', '2025-07-11', '14:30:00', 42, 1, 96, 1),
(97, '2025-07-11', '17:05:00', '2025-07-11', '21:05:00', 43, 1, 97, 1),
(98, '2025-07-11', '13:25:00', '2025-07-11', '17:25:00', 44, 1, 98, 1),
(99, '2025-07-11', '07:55:00', '2025-07-11', '11:55:00', 45, 1, 99, 1),
(100, '2025-07-11', '09:15:00', '2025-07-11', '13:15:00', 46, 1, 100, 1),
(101, '2025-07-11', '15:45:00', '2025-07-11', '19:45:00', 47, 1, 101, 1),
(102, '2025-07-11', '06:30:00', '2025-07-11', '10:30:00', 48, 1, 102, 1),
(103, '2025-07-11', '16:10:00', '2025-07-11', '20:10:00', 49, 1, 103, 1),
(104, '2025-07-11', '11:40:00', '2025-07-11', '15:40:00', 50, 1, 104, 1),
(105, '2025-07-11', '08:25:00', '2025-07-11', '12:25:00', 51, 1, 105, 1),
(106, '2025-07-11', '14:10:00', '2025-07-11', '18:10:00', 2, 1, 106, 1),
(107, '2025-07-11', '10:05:00', '2025-07-11', '14:05:00', 3, 1, 107, 1),
(108, '2025-07-11', '17:25:00', '2025-07-11', '21:25:00', 4, 1, 108, 1),
(109, '2025-07-11', '13:50:00', '2025-07-11', '17:50:00', 5, 1, 109, 1),
(110, '2025-07-11', '07:35:00', '2025-07-11', '11:35:00', 6, 1, 110, 1),
(111, '2025-07-11', '09:00:00', '2025-07-11', '13:00:00', 7, 1, 111, 1),
(112, '2025-07-11', '15:25:00', '2025-07-11', '19:25:00', 8, 1, 112, 1),
(113, '2025-07-11', '06:50:00', '2025-07-11', '10:50:00', 9, 1, 113, 1),
(114, '2025-07-11', '16:35:00', '2025-07-11', '20:35:00', 10, 1, 114, 1),
(115, '2025-07-11', '11:15:00', '2025-07-11', '15:15:00', 11, 1, 115, 1),
(116, '2025-07-11', '08:40:00', '2025-07-11', '12:40:00', 12, 1, 116, 1),
(117, '2025-07-11', '14:55:00', '2025-07-11', '18:55:00', 13, 1, 117, 1),
(118, '2025-07-11', '10:20:00', '2025-07-11', '14:20:00', 14, 1, 118, 1),
(119, '2025-07-11', '17:30:00', '2025-07-11', '21:30:00', 15, 1, 119, 1),
(120, '2025-07-11', '13:10:00', '2025-07-11', '17:10:00', 16, 1, 120, 1),
(121, '2025-07-11', '07:25:00', '2025-07-11', '11:25:00', 17, 1, 121, 1),
(122, '2025-07-11', '09:40:00', '2025-07-11', '13:40:00', 18, 1, 122, 1),
(123, '2025-07-11', '15:55:00', '2025-07-11', '19:55:00', 19, 1, 123, 1),
(124, '2025-07-11', '06:45:00', '2025-07-11', '10:45:00', 20, 1, 124, 1),
(125, '2025-07-11', '16:05:00', '2025-07-11', '20:05:00', 21, 1, 125, 1),
(126, '2025-07-11', '11:35:00', '2025-07-11', '15:35:00', 22, 1, 126, 1),
(127, '2025-07-11', '08:05:00', '2025-07-11', '12:05:00', 23, 1, 127, 1),
(128, '2025-07-11', '14:15:00', '2025-07-11', '18:15:00', 24, 1, 128, 1),
(129, '2025-07-11', '10:40:00', '2025-07-11', '14:40:00', 25, 1, 129, 1),
(130, '2025-07-11', '17:00:00', '2025-07-11', '21:00:00', 26, 1, 130, 1),
(131, '2025-07-11', '13:30:00', '2025-07-11', '17:30:00', 27, 1, 131, 1),
(132, '2025-07-11', '07:15:00', '2025-07-11', '11:15:00', 28, 1, 132, 1),
(133, '2025-07-11', '09:30:00', '2025-07-11', '13:30:00', 29, 1, 133, 1),
(134, '2025-07-11', '15:10:00', '2025-07-11', '19:10:00', 30, 1, 134, 1),
(135, '2025-07-11', '06:30:00', '2025-07-11', '10:30:00', 31, 1, 135, 1),
(136, '2025-07-11', '16:20:00', '2025-07-11', '20:20:00', 32, 1, 136, 1),
(137, '2025-07-11', '11:05:00', '2025-07-11', '15:05:00', 33, 1, 137, 1),
(138, '2025-07-11', '08:55:00', '2025-07-11', '12:55:00', 34, 1, 138, 1),
(139, '2025-07-11', '14:45:00', '2025-07-11', '18:45:00', 35, 1, 139, 1),
(140, '2025-07-11', '10:05:00', '2025-07-11', '14:05:00', 36, 1, 140, 1),
(141, '2025-07-11', '17:50:00', '2025-07-11', '21:50:00', 37, 1, 141, 1),
(142, '2025-07-11', '12:00:00', '2025-07-11', '16:00:00', 38, 1, 142, 1),
(143, '2025-07-11', '07:10:00', '2025-07-11', '11:10:00', 39, 1, 143, 1),
(144, '2025-07-11', '09:45:00', '2025-07-11', '13:45:00', 40, 1, 144, 1),
(145, '2025-07-11', '15:15:00', '2025-07-11', '19:15:00', 41, 1, 145, 1),
(146, '2025-07-11', '06:40:00', '2025-07-11', '10:40:00', 42, 1, 146, 1),
(147, '2025-07-11', '16:40:00', '2025-07-11', '20:40:00', 43, 1, 147, 1),
(148, '2025-07-11', '11:25:00', '2025-07-11', '15:25:00', 44, 1, 148, 1),
(149, '2025-07-11', '08:00:00', '2025-07-11', '12:00:00', 45, 1, 149, 1),
(150, '2025-07-11', '14:50:00', '2025-07-11', '18:50:00', 46, 1, 150, 1),
(151, '2025-07-11', '10:30:00', '2025-07-11', '14:30:00', 47, 1, 151, 1),
(152, '2025-07-11', '17:05:00', '2025-07-11', '21:05:00', 48, 1, 152, 1),
(153, '2025-07-11', '13:25:00', '2025-07-11', '17:25:00', 49, 1, 153, 1),
(154, '2025-07-11', '07:55:00', '2025-07-11', '11:55:00', 50, 1, 154, 1),
(155, '2025-07-11', '09:15:00', '2025-07-11', '13:15:00', 51, 1, 155, 1),
(156, '2025-07-11', '15:45:00', '2025-07-11', '19:45:00', 2, 1, 156, 1),
(157, '2025-07-11', '06:30:00', '2025-07-11', '10:30:00', 3, 1, 157, 1),
(158, '2025-07-11', '16:10:00', '2025-07-11', '20:10:00', 4, 1, 158, 1),
(159, '2025-07-11', '11:40:00', '2025-07-11', '15:40:00', 5, 1, 159, 1),
(160, '2025-07-11', '08:25:00', '2025-07-11', '12:25:00', 6, 1, 160, 1),
(161, '2025-07-11', '14:10:00', '2025-07-11', '18:10:00', 7, 1, 161, 1),
(162, '2025-07-11', '10:05:00', '2025-07-11', '14:05:00', 8, 1, 162, 1),
(163, '2025-07-11', '17:25:00', '2025-07-11', '21:25:00', 9, 1, 163, 1),
(164, '2025-07-11', '13:50:00', '2025-07-11', '17:50:00', 10, 1, 164, 1),
(165, '2025-07-11', '07:35:00', '2025-07-11', '11:35:00', 11, 1, 165, 1),
(166, '2025-07-11', '09:00:00', '2025-07-11', '13:00:00', 12, 1, 166, 1),
(167, '2025-07-11', '15:25:00', '2025-07-11', '19:25:00', 13, 1, 167, 1),
(168, '2025-07-11', '06:50:00', '2025-07-11', '10:50:00', 14, 1, 168, 1),
(169, '2025-07-11', '16:35:00', '2025-07-11', '20:35:00', 15, 1, 169, 1),
(170, '2025-07-11', '11:15:00', '2025-07-11', '15:15:00', 16, 1, 170, 1),
(171, '2025-07-11', '08:40:00', '2025-07-11', '12:40:00', 17, 1, 171, 1),
(172, '2025-07-11', '14:55:00', '2025-07-11', '18:55:00', 18, 1, 172, 1),
(173, '2025-07-11', '10:20:00', '2025-07-11', '14:20:00', 19, 1, 173, 1),
(174, '2025-07-11', '17:30:00', '2025-07-11', '21:30:00', 20, 1, 174, 1),
(175, '2025-07-11', '13:10:00', '2025-07-11', '17:10:00', 21, 1, 175, 1),
(176, '2025-07-11', '07:25:00', '2025-07-11', '11:25:00', 22, 1, 176, 1),
(177, '2025-07-11', '09:40:00', '2025-07-11', '13:40:00', 23, 1, 177, 1),
(178, '2025-07-11', '15:55:00', '2025-07-11', '19:55:00', 24, 1, 178, 1),
(179, '2025-07-11', '06:45:00', '2025-07-11', '10:45:00', 25, 1, 179, 1),
(180, '2025-07-11', '16:05:00', '2025-07-11', '20:05:00', 26, 1, 180, 1),
(181, '2025-07-11', '11:35:00', '2025-07-11', '15:35:00', 27, 1, 181, 1),
(182, '2025-07-11', '08:05:00', '2025-07-11', '12:05:00', 28, 1, 182, 1),
(183, '2025-07-11', '14:15:00', '2025-07-11', '18:15:00', 29, 1, 183, 1),
(184, '2025-07-11', '10:40:00', '2025-07-11', '14:40:00', 30, 1, 184, 1),
(185, '2025-07-11', '17:00:00', '2025-07-11', '21:00:00', 31, 1, 185, 1),
(186, '2025-07-11', '13:30:00', '2025-07-11', '17:30:00', 32, 1, 186, 1),
(187, '2025-07-11', '07:15:00', '2025-07-11', '11:15:00', 33, 1, 187, 1),
(188, '2025-07-11', '09:30:00', '2025-07-11', '13:30:00', 34, 1, 188, 1),
(189, '2025-07-11', '15:10:00', '2025-07-11', '19:10:00', 35, 1, 189, 1),
(190, '2025-07-11', '06:30:00', '2025-07-11', '10:30:00', 36, 1, 190, 1),
(191, '2025-07-11', '16:20:00', '2025-07-11', '20:20:00', 37, 1, 191, 1),
(192, '2025-07-11', '11:05:00', '2025-07-11', '15:05:00', 38, 1, 192, 1),
(193, '2025-07-11', '08:55:00', '2025-07-11', '12:55:00', 39, 1, 193, 1),
(194, '2025-07-11', '14:45:00', '2025-07-11', '18:45:00', 40, 1, 194, 1),
(195, '2025-07-11', '10:05:00', '2025-07-11', '14:05:00', 41, 1, 195, 1),
(196, '2025-07-11', '17:50:00', '2025-07-11', '21:50:00', 42, 1, 196, 1),
(197, '2025-07-11', '12:00:00', '2025-07-11', '16:00:00', 43, 1, 197, 1),
(198, '2025-07-11', '07:10:00', '2025-07-11', '11:10:00', 44, 1, 198, 1),
(199, '2025-07-11', '09:45:00', '2025-07-11', '13:45:00', 45, 1, 199, 1),
(200, '2025-07-11', '15:15:00', '2025-07-11', '19:15:00', 46, 1, 200, 1),
(201, '2025-07-14', '13:00:00', '2025-07-14', '17:00:00', 1, 1, 1, 1),
(202, '2025-07-14', '07:25:00', '2025-07-14', '11:25:00', 1, 1, 2, 1),
(203, '2025-07-14', '09:50:00', '2025-07-14', '13:50:00', 1, 1, 3, 1),
(204, '2025-07-14', '16:05:00', '2025-07-14', '20:05:00', 1, 1, 158, 1),
(205, '2025-07-14', '10:40:00', '2025-07-14', '14:40:00', 1, 1, 5, 1),
(206, '2025-07-14', '11:15:00', '2025-07-14', '15:15:00', 2, 1, 6, 1),
(207, '2025-07-14', '08:35:00', '2025-07-14', '12:35:00', 3, 1, 7, 1),
(208, '2025-07-14', '14:20:00', '2025-07-14', '18:20:00', 4, 1, 59, 1),
(209, '2025-07-14', '06:55:00', '2025-07-14', '10:55:00', 5, 1, 9, 1),
(210, '2025-07-14', '17:40:00', '2025-07-14', '21:40:00', 6, 1, 10, 1),
(211, '2025-07-14', '12:10:00', '2025-07-14', '16:10:00', 7, 1, 11, 1),
(212, '2025-07-14', '15:30:00', '2025-07-14', '19:30:00', 8, 1, 12, 1),
(213, '2025-07-14', '09:05:00', '2025-07-14', '13:05:00', 9, 1, 13, 1),
(214, '2025-07-14', '07:45:00', '2025-07-14', '11:45:00', 10, 1, 14, 1),
(215, '2025-07-14', '16:55:00', '2025-07-14', '20:55:00', 11, 1, 15, 1),
(216, '2025-07-14', '11:50:00', '2025-07-14', '15:50:00', 12, 1, 16, 1),
(217, '2025-07-14', '08:15:00', '2025-07-14', '12:15:00', 13, 1, 17, 1),
(218, '2025-07-14', '14:00:00', '2025-07-14', '18:00:00', 14, 1, 18, 1),
(219, '2025-07-14', '10:25:00', '2025-07-14', '14:25:00', 15, 1, 19, 1),
(220, '2025-07-14', '17:15:00', '2025-07-14', '21:15:00', 16, 1, 20, 1),
(221, '2025-07-14', '13:35:00', '2025-07-14', '17:35:00', 17, 1, 21, 1),
(222, '2025-07-14', '07:00:00', '2025-07-14', '11:00:00', 18, 1, 22, 1),
(223, '2025-07-14', '09:25:00', '2025-07-14', '13:25:00', 19, 1, 23, 1),
(224, '2025-07-14', '15:05:00', '2025-07-14', '19:05:00', 20, 1, 24, 1),
(225, '2025-07-14', '06:35:00', '2025-07-14', '10:35:00', 21, 1, 25, 1),
(226, '2025-07-14', '16:25:00', '2025-07-14', '20:25:00', 22, 1, 26, 1),
(227, '2025-07-14', '11:00:00', '2025-07-14', '15:00:00', 23, 1, 27, 1),
(228, '2025-07-14', '08:50:00', '2025-07-14', '12:50:00', 24, 1, 28, 1),
(229, '2025-07-14', '14:35:00', '2025-07-14', '18:35:00', 25, 1, 29, 1),
(230, '2025-07-14', '10:15:00', '2025-07-14', '14:15:00', 26, 1, 30, 1),
(231, '2025-07-14', '17:55:00', '2025-07-14', '21:55:00', 27, 1, 82, 1),
(232, '2025-07-14', '12:25:00', '2025-07-14', '16:25:00', 28, 1, 32, 1),
(233, '2025-07-14', '07:10:00', '2025-07-14', '11:10:00', 29, 1, 33, 1),
(234, '2025-07-14', '09:45:00', '2025-07-14', '13:45:00', 30, 1, 34, 1),
(235, '2025-07-14', '15:15:00', '2025-07-14', '19:15:00', 31, 1, 35, 1),
(236, '2025-07-14', '06:40:00', '2025-07-14', '10:40:00', 32, 1, 36, 1),
(237, '2025-07-14', '16:40:00', '2025-07-14', '20:40:00', 33, 1, 37, 1),
(238, '2025-07-14', '11:25:00', '2025-07-14', '15:25:00', 34, 1, 38, 1),
(239, '2025-07-14', '08:00:00', '2025-07-14', '12:00:00', 35, 1, 39, 1),
(240, '2025-07-14', '14:50:00', '2025-07-14', '18:50:00', 36, 1, 40, 1),
(241, '2025-07-14', '10:30:00', '2025-07-14', '14:30:00', 37, 1, 41, 1),
(242, '2025-07-14', '17:05:00', '2025-07-14', '21:05:00', 38, 1, 42, 1),
(243, '2025-07-14', '13:25:00', '2025-07-14', '17:25:00', 39, 1, 43, 1),
(244, '2025-07-14', '07:55:00', '2025-07-14', '11:55:00', 40, 1, 44, 1),
(245, '2025-07-14', '09:15:00', '2025-07-14', '13:15:00', 41, 1, 45, 1),
(246, '2025-07-14', '15:45:00', '2025-07-14', '19:45:00', 42, 1, 46, 1),
(247, '2025-07-14', '06:30:00', '2025-07-14', '10:30:00', 43, 1, 47, 1),
(248, '2025-07-14', '16:10:00', '2025-07-14', '20:10:00', 44, 1, 48, 1),
(249, '2025-07-14', '11:40:00', '2025-07-14', '15:40:00', 45, 1, 49, 1),
(250, '2025-07-14', '08:25:00', '2025-07-14', '12:25:00', 46, 1, 50, 1),
(251, '2025-07-14', '14:10:00', '2025-07-14', '18:10:00', 47, 1, 51, 1),
(252, '2025-07-14', '10:05:00', '2025-07-14', '14:05:00', 48, 1, 52, 1),
(253, '2025-07-14', '17:25:00', '2025-07-14', '21:25:00', 49, 1, 53, 1),
(254, '2025-07-14', '13:50:00', '2025-07-14', '17:50:00', 50, 1, 54, 1),
(255, '2025-07-14', '07:35:00', '2025-07-14', '11:35:00', 51, 1, 55, 1),
(256, '2025-07-14', '09:00:00', '2025-07-14', '13:00:00', 1, 1, 56, 1),
(257, '2025-07-14', '15:25:00', '2025-07-14', '19:25:00', 2, 1, 108, 1),
(258, '2025-07-14', '06:50:00', '2025-07-14', '10:50:00', 3, 1, 58, 1),
(259, '2025-07-14', '16:35:00', '2025-07-14', '20:35:00', 4, 1, 161, 1),
(260, '2025-07-14', '11:15:00', '2025-07-14', '15:15:00', 5, 1, 162, 1),
(261, '2025-07-14', '08:40:00', '2025-07-14', '12:40:00', 6, 1, 61, 1),
(262, '2025-07-14', '14:55:00', '2025-07-14', '18:55:00', 7, 1, 62, 1),
(263, '2025-07-14', '10:20:00', '2025-07-14', '14:20:00', 8, 1, 63, 1),
(264, '2025-07-14', '17:30:00', '2025-07-14', '21:30:00', 9, 1, 64, 1),
(265, '2025-07-14', '13:10:00', '2025-07-14', '17:10:00', 10, 1, 65, 1),
(266, '2025-07-14', '07:25:00', '2025-07-14', '11:25:00', 11, 1, 66, 1),
(267, '2025-07-14', '09:40:00', '2025-07-14', '13:40:00', 12, 1, 67, 1),
(268, '2025-07-14', '15:55:00', '2025-07-14', '19:55:00', 13, 1, 68, 1),
(269, '2025-07-14', '06:45:00', '2025-07-14', '10:45:00', 14, 1, 69, 1),
(270, '2025-07-14', '16:05:00', '2025-07-14', '20:05:00', 15, 1, 70, 1),
(271, '2025-07-14', '11:35:00', '2025-07-14', '15:35:00', 16, 1, 71, 1),
(272, '2025-07-14', '08:05:00', '2025-07-14', '12:05:00', 17, 1, 72, 1),
(273, '2025-07-14', '14:15:00', '2025-07-14', '18:15:00', 18, 1, 73, 1),
(274, '2025-07-14', '10:40:00', '2025-07-14', '14:40:00', 19, 1, 74, 1),
(275, '2025-07-14', '17:00:00', '2025-07-14', '21:00:00', 20, 1, 75, 1),
(276, '2025-07-14', '13:30:00', '2025-07-14', '17:30:00', 21, 1, 76, 1),
(277, '2025-07-14', '07:15:00', '2025-07-14', '11:15:00', 22, 1, 77, 1),
(278, '2025-07-14', '09:30:00', '2025-07-14', '13:30:00', 23, 1, 78, 1),
(279, '2025-07-14', '15:10:00', '2025-07-14', '19:10:00', 24, 1, 79, 1),
(280, '2025-07-14', '06:30:00', '2025-07-14', '10:30:00', 25, 1, 80, 1),
(281, '2025-07-14', '16:20:00', '2025-07-14', '20:20:00', 26, 1, 81, 1),
(282, '2025-07-14', '11:05:00', '2025-07-14', '15:05:00', 27, 1, 184, 1),
(283, '2025-07-14', '08:55:00', '2025-07-14', '12:55:00', 28, 1, 83, 1),
(284, '2025-07-14', '14:45:00', '2025-07-14', '18:45:00', 29, 1, 84, 1),
(285, '2025-07-14', '10:05:00', '2025-07-14', '14:05:00', 30, 1, 85, 1),
(286, '2025-07-14', '17:50:00', '2025-07-14', '21:50:00', 31, 1, 86, 1),
(287, '2025-07-14', '12:00:00', '2025-07-14', '16:00:00', 32, 1, 87, 1),
(288, '2025-07-14', '07:10:00', '2025-07-14', '11:10:00', 33, 1, 88, 1),
(289, '2025-07-14', '09:45:00', '2025-07-14', '13:45:00', 34, 1, 89, 1),
(290, '2025-07-14', '15:15:00', '2025-07-14', '19:15:00', 35, 1, 90, 1),
(291, '2025-07-14', '06:40:00', '2025-07-14', '10:40:00', 36, 1, 91, 1),
(292, '2025-07-14', '16:40:00', '2025-07-14', '20:40:00', 37, 1, 92, 1),
(293, '2025-07-14', '11:25:00', '2025-07-14', '15:25:00', 38, 1, 93, 1),
(294, '2025-07-14', '08:00:00', '2025-07-14', '12:00:00', 39, 1, 94, 1),
(295, '2025-07-14', '14:50:00', '2025-07-14', '18:50:00', 40, 1, 95, 1),
(296, '2025-07-14', '10:30:00', '2025-07-14', '14:30:00', 41, 1, 96, 1),
(297, '2025-07-14', '17:05:00', '2025-07-14', '21:05:00', 42, 1, 97, 1),
(298, '2025-07-14', '13:25:00', '2025-07-14', '17:25:00', 43, 1, 98, 1),
(299, '2025-07-14', '07:55:00', '2025-07-14', '11:55:00', 44, 1, 99, 1),
(300, '2025-07-14', '09:15:00', '2025-07-14', '13:15:00', 45, 1, 100, 1),
(301, '2025-07-14', '15:45:00', '2025-07-14', '19:45:00', 46, 1, 101, 1),
(302, '2025-07-14', '06:30:00', '2025-07-14', '10:30:00', 47, 1, 102, 1),
(303, '2025-07-14', '16:10:00', '2025-07-14', '20:10:00', 48, 1, 103, 1),
(304, '2025-07-14', '11:40:00', '2025-07-14', '15:40:00', 49, 1, 104, 1),
(305, '2025-07-14', '08:25:00', '2025-07-14', '12:25:00', 50, 1, 105, 1),
(306, '2025-07-14', '14:10:00', '2025-07-14', '18:10:00', 51, 1, 106, 1),
(307, '2025-07-14', '10:05:00', '2025-07-14', '14:05:00', 1, 1, 107, 1),
(308, '2025-07-14', '17:25:00', '2025-07-14', '21:25:00', 2, 1, 57, 1),
(309, '2025-07-14', '13:50:00', '2025-07-14', '17:50:00', 3, 1, 109, 1),
(310, '2025-07-14', '07:35:00', '2025-07-14', '11:35:00', 4, 1, 110, 1),
(311, '2025-07-14', '09:00:00', '2025-07-14', '13:00:00', 5, 1, 111, 1),
(312, '2025-07-14', '15:25:00', '2025-07-14', '19:25:00', 6, 1, 112, 1),
(313, '2025-07-14', '06:50:00', '2025-07-14', '10:50:00', 7, 1, 113, 1),
(314, '2025-07-14', '16:35:00', '2025-07-14', '20:35:00', 8, 1, 114, 1),
(315, '2025-07-14', '11:15:00', '2025-07-14', '15:15:00', 9, 1, 115, 1),
(316, '2025-07-14', '08:40:00', '2025-07-14', '12:40:00', 10, 1, 116, 1),
(317, '2025-07-14', '14:55:00', '2025-07-14', '18:55:00', 11, 1, 117, 1),
(318, '2025-07-14', '10:20:00', '2025-07-14', '14:20:00', 12, 1, 118, 1),
(319, '2025-07-14', '17:30:00', '2025-07-14', '21:30:00', 13, 1, 119, 1),
(320, '2025-07-14', '13:10:00', '2025-07-14', '17:10:00', 14, 1, 120, 1),
(321, '2025-07-14', '07:25:00', '2025-07-14', '11:25:00', 15, 1, 121, 1),
(322, '2025-07-14', '09:40:00', '2025-07-14', '13:40:00', 16, 1, 122, 1),
(323, '2025-07-14', '15:55:00', '2025-07-14', '19:55:00', 17, 1, 123, 1),
(324, '2025-07-14', '06:45:00', '2025-07-14', '10:45:00', 18, 1, 124, 1),
(325, '2025-07-14', '16:05:00', '2025-07-14', '20:05:00', 19, 1, 125, 1),
(326, '2025-07-14', '11:35:00', '2025-07-14', '15:35:00', 20, 1, 126, 1),
(327, '2025-07-14', '08:05:00', '2025-07-14', '12:05:00', 21, 1, 127, 1),
(328, '2025-07-14', '14:15:00', '2025-07-14', '18:15:00', 22, 1, 128, 1),
(329, '2025-07-14', '10:40:00', '2025-07-14', '14:40:00', 23, 1, 129, 1),
(330, '2025-07-14', '17:00:00', '2025-07-14', '21:00:00', 24, 1, 130, 1),
(331, '2025-07-14', '13:30:00', '2025-07-14', '17:30:00', 25, 1, 131, 1),
(332, '2025-07-14', '07:15:00', '2025-07-14', '11:15:00', 26, 1, 132, 1),
(333, '2025-07-14', '09:30:00', '2025-07-14', '13:30:00', 27, 1, 133, 1),
(334, '2025-07-14', '15:10:00', '2025-07-14', '19:10:00', 28, 1, 134, 1),
(335, '2025-07-14', '06:30:00', '2025-07-14', '10:30:00', 29, 1, 135, 1),
(336, '2025-07-14', '16:20:00', '2025-07-14', '20:20:00', 30, 1, 136, 1),
(337, '2025-07-14', '11:05:00', '2025-07-14', '15:05:00', 31, 1, 137, 1),
(338, '2025-07-14', '08:55:00', '2025-07-14', '12:55:00', 32, 1, 138, 1),
(339, '2025-07-14', '14:45:00', '2025-07-14', '18:45:00', 33, 1, 139, 1),
(340, '2025-07-14', '10:05:00', '2025-07-14', '14:05:00', 34, 1, 140, 1),
(341, '2025-07-14', '17:50:00', '2025-07-14', '21:50:00', 35, 1, 141, 1),
(342, '2025-07-14', '12:00:00', '2025-07-14', '16:00:00', 36, 1, 142, 1),
(343, '2025-07-14', '07:10:00', '2025-07-14', '11:10:00', 37, 1, 143, 1),
(344, '2025-07-14', '09:45:00', '2025-07-14', '13:45:00', 38, 1, 144, 1),
(345, '2025-07-14', '15:15:00', '2025-07-14', '19:15:00', 39, 1, 145, 1),
(346, '2025-07-14', '06:40:00', '2025-07-14', '10:40:00', 40, 1, 146, 1),
(347, '2025-07-14', '16:40:00', '2025-07-14', '20:40:00', 41, 1, 147, 1),
(348, '2025-07-14', '11:25:00', '2025-07-14', '15:25:00', 42, 1, 148, 1),
(349, '2025-07-14', '08:00:00', '2025-07-14', '12:00:00', 43, 1, 149, 1),
(350, '2025-07-14', '14:50:00', '2025-07-14', '18:50:00', 44, 1, 150, 1),
(351, '2025-07-14', '10:30:00', '2025-07-14', '14:30:00', 45, 1, 151, 1),
(352, '2025-07-14', '17:05:00', '2025-07-14', '21:05:00', 46, 1, 152, 1),
(353, '2025-07-14', '13:25:00', '2025-07-14', '17:25:00', 47, 1, 153, 1),
(354, '2025-07-14', '07:55:00', '2025-07-14', '11:55:00', 48, 1, 154, 1),
(355, '2025-07-14', '09:15:00', '2025-07-14', '13:15:00', 49, 1, 155, 1),
(356, '2025-07-14', '15:45:00', '2025-07-14', '19:45:00', 50, 1, 156, 1),
(357, '2025-07-14', '06:30:00', '2025-07-14', '10:30:00', 51, 1, 157, 1),
(358, '2025-07-14', '16:10:00', '2025-07-14', '20:10:00', 1, 1, 4, 1),
(359, '2025-07-14', '11:40:00', '2025-07-14', '15:40:00', 2, 1, 159, 1),
(360, '2025-07-14', '08:25:00', '2025-07-14', '12:25:00', 3, 1, 160, 1),
(361, '2025-07-14', '14:10:00', '2025-07-14', '18:10:00', 4, 1, 8, 1),
(362, '2025-07-14', '10:05:00', '2025-07-14', '14:05:00', 5, 1, 60, 1),
(363, '2025-07-14', '17:25:00', '2025-07-14', '21:25:00', 6, 1, 163, 1),
(364, '2025-07-14', '13:50:00', '2025-07-14', '17:50:00', 7, 1, 164, 1),
(365, '2025-07-14', '07:35:00', '2025-07-14', '11:35:00', 8, 1, 165, 1),
(366, '2025-07-14', '09:00:00', '2025-07-14', '13:00:00', 9, 1, 166, 1),
(367, '2025-07-14', '15:25:00', '2025-07-14', '19:25:00', 10, 1, 167, 1),
(368, '2025-07-14', '06:50:00', '2025-07-14', '10:50:00', 11, 1, 168, 1),
(369, '2025-07-14', '16:35:00', '2025-07-14', '20:35:00', 12, 1, 169, 1),
(370, '2025-07-14', '11:15:00', '2025-07-14', '15:15:00', 13, 1, 170, 1),
(371, '2025-07-14', '08:40:00', '2025-07-14', '12:40:00', 14, 1, 171, 1),
(372, '2025-07-14', '14:55:00', '2025-07-14', '18:55:00', 15, 1, 172, 1),
(373, '2025-07-14', '10:20:00', '2025-07-14', '14:20:00', 16, 1, 173, 1),
(374, '2025-07-14', '17:30:00', '2025-07-14', '21:30:00', 17, 1, 174, 1),
(375, '2025-07-14', '13:10:00', '2025-07-14', '17:10:00', 18, 1, 175, 1),
(376, '2025-07-14', '07:25:00', '2025-07-14', '11:25:00', 19, 1, 176, 1),
(377, '2025-07-14', '09:40:00', '2025-07-14', '13:40:00', 20, 1, 177, 1),
(378, '2025-07-14', '15:55:00', '2025-07-14', '19:55:00', 21, 1, 178, 1),
(379, '2025-07-14', '06:45:00', '2025-07-14', '10:45:00', 22, 1, 179, 1),
(380, '2025-07-14', '16:05:00', '2025-07-14', '20:05:00', 23, 1, 180, 1),
(381, '2025-07-14', '11:35:00', '2025-07-14', '15:35:00', 24, 1, 181, 1),
(382, '2025-07-14', '08:05:00', '2025-07-14', '12:05:00', 25, 1, 182, 1),
(383, '2025-07-14', '14:15:00', '2025-07-14', '18:15:00', 26, 1, 183, 1),
(384, '2025-07-14', '10:40:00', '2025-07-14', '14:40:00', 27, 1, 31, 1),
(385, '2025-07-14', '17:00:00', '2025-07-14', '21:00:00', 28, 1, 185, 1),
(386, '2025-07-14', '13:30:00', '2025-07-14', '17:30:00', 29, 1, 186, 1),
(387, '2025-07-14', '07:15:00', '2025-07-14', '11:15:00', 30, 1, 187, 1),
(388, '2025-07-14', '09:30:00', '2025-07-14', '13:30:00', 31, 1, 188, 1),
(389, '2025-07-14', '15:10:00', '2025-07-14', '19:10:00', 32, 1, 189, 1),
(390, '2025-07-14', '06:30:00', '2025-07-14', '10:30:00', 33, 1, 190, 1),
(391, '2025-07-14', '16:20:00', '2025-07-14', '20:20:00', 34, 1, 191, 1),
(392, '2025-07-14', '11:05:00', '2025-07-14', '15:05:00', 35, 1, 192, 1),
(393, '2025-07-14', '08:55:00', '2025-07-14', '12:55:00', 36, 1, 193, 1),
(394, '2025-07-14', '14:45:00', '2025-07-14', '18:45:00', 37, 1, 194, 1),
(395, '2025-07-14', '10:05:00', '2025-07-14', '14:05:00', 38, 1, 195, 1),
(396, '2025-07-14', '17:50:00', '2025-07-14', '21:50:00', 39, 1, 196, 1),
(397, '2025-07-14', '12:00:00', '2025-07-14', '16:00:00', 40, 1, 197, 1),
(398, '2025-07-14', '07:10:00', '2025-07-14', '11:10:00', 41, 1, 198, 1),
(399, '2025-07-14', '09:45:00', '2025-07-14', '13:45:00', 42, 1, 199, 1),
(400, '2025-07-14', '15:15:00', '2025-07-14', '19:15:00', 43, 1, 200, 1);

-- --------------------------------------------------------

--
-- Table structure for table `employee`
--

CREATE TABLE `employee` (
  `em_id` int(11) NOT NULL,
  `title_id` int(11) NOT NULL,
  `em_name` varchar(255) NOT NULL,
  `em_surname` varchar(255) NOT NULL,
  `gen_id` int(11) NOT NULL,
  `main_car` int(11) NOT NULL,
  `main_route` int(11) NOT NULL,
  `et_id` int(11) NOT NULL,
  `es_id` int(11) NOT NULL
) ENGINE=InnoDB DEFAULT CHARSET=utf8 COLLATE=utf8_general_ci;

--
-- Dumping data for table `employee`
--

INSERT INTO `employee` (`em_id`, `title_id`, `em_name`, `em_surname`, `gen_id`, `main_car`, `main_route`, `et_id`, `es_id`) VALUES
(1, 1, 'สมศักดิ์', 'ใจดี', 1, 1, 1, 1, 1),
(2, 1, 'วีระ', 'มีสุข', 1, 2, 1, 1, 1),
(3, 2, 'สุดา', 'รักไทย', 2, 3, 1, 1, 1),
(4, 1, 'มานะ', 'กล้าหาญ', 1, 4, 1, 1, 1),
(5, 3, 'ดวงใจ', 'เมตตา', 2, 5, 1, 1, 1),
(6, 1, 'ประเสริฐ', 'ยิ่งยง', 1, 6, 2, 1, 1),
(7, 3, 'อรุณี', 'แสงทอง', 2, 7, 3, 1, 1),
(8, 1, 'ชัยวัฒน์', 'สุขสบาย', 1, 8, 4, 1, 1),
(9, 2, 'เพ็ญศรี', 'รัศมี', 2, 9, 5, 1, 1),
(10, 1, 'กำพล', 'พร้อมพงษ์', 1, 10, 6, 1, 1),
(11, 3, 'สายชล', 'ธารา', 2, 11, 7, 1, 1),
(12, 1, 'ทรงชัย', 'บารมี', 1, 12, 8, 1, 1),
(13, 2, 'นงนุช', 'พฤกษา', 2, 13, 9, 1, 1),
(14, 1, 'เดชา', 'ชาญชัย', 1, 14, 10, 1, 1),
(15, 3, 'ปาริฉัตร', 'งามดี', 2, 15, 11, 1, 1),
(16, 1, 'ทนงศักดิ์', 'พงษ์ไทย', 1, 16, 12, 1, 1),
(17, 2, 'รัชนี', 'ดารา', 2, 17, 13, 1, 1),
(18, 1, 'สนิท', 'มิตรภาพ', 1, 18, 14, 1, 1),
(19, 3, 'วันเพ็ญ', 'แสงจันทร์', 2, 19, 15, 1, 1),
(20, 1, 'สมชาย', 'ยอดเยี่ยม', 1, 20, 16, 1, 1),
(21, 2, 'กานดา', 'ไพเราะ', 2, 21, 17, 1, 1),
(22, 1, 'ศักดา', 'มั่นคง', 1, 22, 18, 1, 1),
(23, 1, 'บุญมี', 'ลาภผล', 1, 23, 19, 1, 1),
(24, 3, 'อัจฉรา', 'ฉลาด', 2, 24, 20, 1, 1),
(25, 1, 'ประจักษ์', 'แจ้งจริง', 1, 25, 21, 1, 1),
(26, 2, 'สายใจ', 'อ่อนโยน', 2, 26, 22, 1, 1),
(27, 1, 'เจริญ', 'ก้าวหน้า', 1, 27, 23, 1, 1),
(28, 3, 'อำพร', 'ผ่องใส', 2, 28, 24, 1, 1),
(29, 1, 'ธนากร', 'มั่งคั่ง', 1, 29, 25, 1, 1),
(30, 2, 'เมตตา', 'กรุณา', 2, 30, 26, 1, 1),
(31, 1, 'พงษ์ศักดิ์', 'ฤกษ์ดี', 1, 31, 27, 1, 1),
(32, 3, 'สุภาภรณ์', 'งดงาม', 2, 32, 28, 1, 1),
(33, 1, 'บรรจบ', 'พบสุข', 1, 33, 29, 1, 1),
(34, 2, 'วิไล', 'รัตน์', 2, 34, 30, 1, 1),
(35, 1, 'วรวุฒิ', 'ชัยชนะ', 1, 35, 31, 1, 1),
(36, 3, 'นงเยาว์', 'พิมล', 2, 36, 32, 1, 1),
(37, 1, 'ยุทธนา', 'เก่งกาจ', 1, 37, 33, 1, 1),
(38, 2, 'บังอร', 'สดใส', 2, 38, 34, 1, 1),
(39, 1, 'เกรียงไกร', 'ยิ่งใหญ่', 1, 39, 35, 1, 1),
(40, 3, 'พรรณี', 'วารี', 2, 40, 36, 1, 1),
(41, 1, 'สมบัติ', 'มั่งมี', 1, 41, 37, 1, 1),
(42, 2, 'ผกามาศ', 'เพชร', 2, 42, 38, 1, 1),
(43, 1, 'ณรงค์', 'เดช', 1, 43, 39, 1, 1),
(44, 3, 'วิมล', 'รัศมี', 2, 44, 40, 1, 1),
(45, 1, 'จิรายุ', 'วัฒนา', 1, 45, 41, 1, 1),
(46, 2, 'สุจิตรา', 'สุขุม', 2, 46, 42, 1, 1),
(47, 1, 'อนันต์', 'นิรันดร์', 1, 47, 43, 1, 1),
(48, 3, 'รัตนา', 'ภรณ์', 2, 48, 44, 1, 1),
(49, 1, 'พิชัย', 'ชาญชัย', 1, 49, 45, 1, 1),
(50, 2, 'อุไร', 'วรรณ', 2, 50, 46, 1, 1),
(51, 1, 'อาคม', 'เดช', 1, 51, 47, 1, 1),
(52, 3, 'ยุพิน', 'มณี', 2, 52, 48, 1, 1),
(53, 1, 'บรรจง', 'รักชาติ', 1, 53, 49, 1, 1),
(54, 2, 'พเยาว์', 'ศรี', 2, 54, 50, 1, 1),
(55, 1, 'ชาญณรงค์', 'ฤทธิ์เดช', 1, 55, 51, 1, 1),
(56, 3, 'วาสนา', 'ดีงาม', 2, 56, 2, 1, 1),
(57, 1, 'จำลอง', 'เลิศล้ำ', 1, 57, 3, 1, 1),
(58, 2, 'ลำไย', 'สุขสม', 2, 58, 4, 1, 1),
(59, 1, 'วีระชัย', 'เก่งจริง', 1, 59, 5, 1, 1),
(60, 3, 'บุษบา', 'บุญส่ง', 2, 60, 6, 1, 1),
(61, 1, 'สุเทพ', 'รักษา', 1, 61, 7, 1, 1),
(62, 2, 'บุษกร', 'เพชร', 2, 62, 8, 1, 1),
(63, 1, 'ธนา', 'รุ่งเรือง', 1, 63, 9, 1, 1),
(64, 3, 'เกศรา', 'มาศ', 2, 64, 10, 1, 1),
(65, 1, 'สมคิด', 'สำเร็จ', 1, 65, 11, 1, 1),
(66, 2, 'จันทนา', 'สุกใส', 2, 66, 12, 1, 1),
(67, 1, 'บัญชา', 'ศักดิ์ศรี', 1, 67, 13, 1, 1),
(68, 3, 'นารี', 'รุ่งอรุณ', 2, 68, 14, 1, 1),
(69, 1, 'สิทธิชัย', 'โชคดี', 1, 69, 15, 1, 1),
(70, 2, 'พิมพา', 'บุญเลิศ', 2, 70, 16, 1, 1),
(71, 1, 'อภิชาติ', 'เลิศชาย', 1, 71, 17, 1, 1),
(72, 3, 'ยุวดี', 'ชื่นใจ', 2, 72, 18, 1, 1),
(73, 1, 'ฉัตรชัย', 'พงษ์ไทย', 1, 73, 19, 1, 1),
(74, 2, 'สุวารี', 'สุขเกษม', 2, 74, 20, 1, 1),
(75, 1, 'ดำรง', 'ชัยชนะ', 1, 75, 21, 1, 1),
(76, 3, 'นันทนา', 'แสงจันทร์', 2, 76, 22, 1, 1),
(77, 1, 'ไพศาล', 'มั่งคั่ง', 1, 77, 23, 1, 1),
(78, 2, 'มยุรี', 'งดงาม', 2, 78, 24, 1, 1),
(79, 1, 'ทรงพล', 'เดชานุภาพ', 1, 79, 25, 1, 1),
(80, 3, 'จริยา', 'ธรรมดี', 2, 80, 26, 1, 1),
(81, 1, 'สมพงษ์', 'พงษ์ศรี', 1, 81, 27, 1, 1),
(82, 2, 'สุมาลี', 'ใจดี', 2, 82, 28, 1, 1),
(83, 1, 'สุรชัย', 'เกรียงไกร', 1, 83, 29, 1, 1),
(84, 3, 'อารีรัตน์', 'สุขุม', 2, 84, 30, 1, 1),
(85, 1, 'วิชัย', 'รุ่งเรือง', 1, 85, 31, 1, 1),
(86, 2, 'อุบล', 'รัตน์', 2, 86, 32, 1, 1),
(87, 1, 'สุชาติ', 'เลิศล้ำ', 1, 87, 33, 1, 1),
(88, 3, 'พัชรี', 'ทองดี', 2, 88, 34, 1, 1),
(89, 1, 'ชาญชัย', 'ชาญณรงค์', 1, 89, 35, 1, 1),
(90, 2, 'ลัดดา', 'วลัย', 2, 90, 36, 1, 1),
(91, 1, 'บุญส่ง', 'โชคลาภ', 1, 91, 37, 1, 1),
(92, 3, 'อัจฉราภรณ์', 'งดงาม', 2, 92, 38, 1, 1),
(93, 1, 'อำนาจ', 'ฤทธิ์เดช', 1, 93, 39, 1, 1),
(94, 2, 'พวงเพ็ญ', 'แสงใส', 2, 94, 40, 1, 1),
(95, 1, 'ไพโรจน์', 'ชัยชนะ', 1, 95, 41, 1, 1),
(96, 3, 'กนกวรรณ', 'ทองคำ', 2, 96, 42, 1, 1),
(97, 1, 'สมนึก', 'คิดดี', 1, 97, 43, 1, 1),
(98, 2, 'ปราณี', 'ศรีสุข', 2, 98, 44, 1, 1),
(99, 1, 'สุวินัย', 'สุภาพ', 1, 99, 45, 1, 1),
(100, 3, 'พิมพิกา', 'มีบุญ', 2, 100, 46, 1, 1),
(101, 1, 'วิทวัส', 'ไพศาล', 1, 101, 47, 1, 1),
(102, 2, 'วรารัตน์', 'แสงดาว', 2, 102, 48, 1, 1),
(103, 1, 'จรัส', 'แสงสว่าง', 1, 103, 49, 1, 1),
(104, 3, 'รัตนาภรณ์', 'รุ่งเรือง', 2, 104, 50, 1, 1),
(105, 1, 'ไพรัช', 'ชัยยันต์', 1, 105, 51, 1, 1),
(106, 2, 'ทัศนีย์', 'วิไล', 2, 106, 2, 1, 1),
(107, 1, 'สุรศักดิ์', 'ยิ่งยง', 1, 107, 3, 1, 1),
(108, 3, 'วนิดา', 'สุขสบาย', 2, 108, 4, 1, 1),
(109, 1, 'สมโภชน์', 'พร้อมพงษ์', 1, 109, 5, 1, 1),
(110, 2, 'พัชรินทร์', 'ทองคำ', 2, 110, 6, 1, 1),
(111, 1, 'วิทยา', 'คงมั่น', 1, 111, 7, 1, 1),
(112, 3, 'อรพินท์', 'งามตา', 2, 112, 8, 1, 1),
(113, 1, 'ประยงค์', 'บุญส่ง', 1, 113, 9, 1, 1),
(114, 2, 'นภาพร', 'รัศมี', 2, 114, 10, 1, 1),
(115, 1, 'สนธยา', 'แสงทอง', 1, 115, 11, 1, 1),
(116, 3, 'ปัทมา', 'พฤกษา', 2, 116, 12, 1, 1),
(117, 1, 'เกรียงศักดิ์', 'ชัยชาญ', 1, 117, 13, 1, 1),
(118, 2, 'ทิพย์วรรณ', 'มาศ', 2, 118, 14, 1, 1),
(119, 1, 'ชูศักดิ์', 'ฤกษ์ดี', 1, 119, 15, 1, 1),
(120, 3, 'อารยา', 'สุขใจ', 2, 120, 16, 1, 1),
(121, 1, 'พลชัย', 'บุญมี', 1, 121, 17, 1, 1),
(122, 2, 'สุภาพร', 'ผ่องใส', 2, 122, 18, 1, 1),
(123, 1, 'ไพศิษฐ์', 'มงคล', 1, 123, 19, 1, 1),
(124, 3, 'บงกช', 'พิมล', 2, 124, 20, 1, 1),
(125, 1, 'สมคิด', 'ประสิทธิ์', 1, 125, 21, 1, 1),
(126, 2, 'ศิริพร', 'งามยิ่ง', 2, 126, 22, 1, 1),
(127, 1, 'สุนทร', 'เลิศล้ำ', 1, 127, 23, 1, 1),
(128, 3, 'กัญญา', 'มาศ', 2, 128, 24, 1, 1),
(129, 1, 'วิทยา', 'ไพโรจน์', 1, 129, 25, 1, 1),
(130, 2, 'บุษบง', 'สวยงาม', 2, 130, 26, 1, 1),
(131, 1, 'ศักดิ์ชัย', 'มั่นคง', 1, 131, 27, 1, 1),
(132, 3, 'พิสมัย', 'สุขสม', 2, 132, 28, 1, 1),
(133, 1, 'บรรลือ', 'ฤทธิ์เดช', 1, 133, 29, 1, 1),
(134, 2, 'บังอร', 'สุขใส', 2, 134, 30, 1, 1),
(135, 1, 'นพดล', 'บารมี', 1, 135, 31, 1, 1),
(136, 3, 'วันดี', 'สุขใจ', 2, 136, 32, 1, 1),
(137, 1, 'ปรีชา', 'ชาญชัย', 1, 137, 33, 1, 1),
(138, 2, 'จันทร', 'ทิพย์', 2, 138, 34, 1, 1),
(139, 1, 'เสรี', 'มิตรภาพ', 1, 139, 35, 1, 1),
(140, 3, 'มัทนา', 'แสงทอง', 2, 140, 36, 1, 1),
(141, 1, 'สมเดช', 'ไกลโพ้น', 1, 141, 37, 1, 1),
(142, 2, 'นงลักษณ์', 'งามสง่า', 2, 142, 38, 1, 1),
(143, 1, 'ทวี', 'ลาภผล', 1, 143, 39, 1, 1),
(144, 3, 'เพ็ญศรี', 'บุญส่ง', 2, 144, 40, 1, 1),
(145, 1, 'ไพโรจน์', 'ชัยมงคล', 1, 145, 41, 1, 1),
(146, 2, 'สุวนันท์', 'รุ่งเรือง', 2, 146, 42, 1, 1),
(147, 1, 'บัญชา', 'ชาญยุทธ', 1, 147, 43, 1, 1),
(148, 3, 'พรทิพย์', 'มณี', 2, 148, 44, 1, 1),
(149, 1, 'อุดม', 'สมบูรณ์', 1, 149, 45, 1, 1),
(150, 2, 'รุ่งนภา', 'สุกใส', 2, 150, 46, 1, 1),
(151, 1, 'ประวิตร', 'เลิศชาย', 1, 151, 47, 1, 1),
(152, 3, 'ผ่องศรี', 'งามดี', 2, 152, 48, 1, 1),
(153, 1, 'พงษ์เทพ', 'ฤทธิรงค์', 1, 153, 49, 1, 1),
(154, 2, 'บุศราคัม', 'เพชร', 2, 154, 50, 1, 1),
(155, 1, 'อัครพล', 'เกรียงไกร', 1, 155, 51, 1, 1),
(156, 3, 'นงคราญ', 'งามวิไล', 2, 156, 2, 1, 1),
(157, 1, 'เฉลิมชัย', 'สุขยิ่ง', 1, 157, 3, 1, 1),
(158, 2, 'ศิริรัตน์', 'เรืองแสง', 2, 158, 4, 1, 1),
(159, 1, 'ประจวบ', 'โชคลาภ', 1, 159, 5, 1, 1),
(160, 3, 'มณีนุช', 'ทองดี', 2, 160, 6, 1, 1),
(161, 1, 'วรวุฒิ', 'ชัยธวัช', 1, 161, 7, 1, 1),
(162, 2, 'วรนุช', 'แสงจันทร์', 2, 162, 8, 1, 1),
(163, 1, 'ธงชัย', 'เกรียงไกร', 1, 163, 9, 1, 1),
(164, 3, 'ปวีณา', 'สุขใจ', 2, 164, 10, 1, 1),
(165, 1, 'อนันต์', 'ชัยภูมิ', 1, 165, 11, 1, 1),
(166, 2, 'ยุพาพร', 'สุขสบาย', 2, 166, 12, 1, 1),
(167, 1, 'ศักดิ์สิทธิ์', 'ฤทธิ์เดช', 1, 167, 13, 1, 1),
(168, 3, 'บังอร', 'พิมล', 2, 168, 14, 1, 1),
(169, 1, 'พยุง', 'พงษ์ไทย', 1, 169, 15, 1, 1),
(170, 2, 'รัชนีกร', 'แสงทอง', 2, 170, 16, 1, 1),
(171, 1, 'อดิศักดิ์', 'กล้าหาญ', 1, 171, 17, 1, 1),
(172, 3, 'ทิพวรรณ', 'ทอง', 2, 172, 18, 1, 1),
(173, 1, 'สุกิจ', 'เจริญสุข', 1, 173, 19, 1, 1),
(174, 2, 'ศิริลักษณ์', 'งามยิ่ง', 2, 174, 20, 1, 1),
(175, 1, 'ไพฑูรย์', 'มณีรัตน์', 1, 175, 21, 1, 1),
(176, 3, 'มณีรัตน์', 'เพชร', 2, 176, 22, 1, 1),
(177, 1, 'บรรเจิด', 'แสงสว่าง', 1, 177, 23, 1, 1),
(178, 2, 'ดวงพร', 'สุกใส', 2, 178, 24, 1, 1),
(179, 1, 'ชัยสิทธิ์', 'โชคดี', 1, 179, 25, 1, 1),
(180, 3, 'พิมพวรรณ', 'เลิศล้ำ', 2, 180, 26, 1, 1),
(181, 1, 'ชวลิต', 'เก่งกาจ', 1, 181, 27, 1, 1),
(182, 2, 'วันทนา', 'รุ่งอรุณ', 2, 182, 28, 1, 1),
(183, 1, 'ประเสริฐ', 'ยิ่งยง', 1, 183, 29, 1, 1),
(184, 3, 'บุษยา', 'บุญส่ง', 2, 184, 30, 1, 1),
(185, 1, 'ธีรศักดิ์', 'ชัยชนะ', 1, 185, 31, 1, 1),
(186, 2, 'จงกลณี', 'ศรีงาม', 2, 186, 32, 1, 1),
(187, 1, 'สถาพร', 'คงทน', 1, 187, 33, 1, 1),
(188, 3, 'สุกัญญา', 'พิมล', 2, 188, 34, 1, 1),
(189, 1, 'อาคม', 'เดช', 1, 189, 35, 1, 1),
(190, 2, 'สุวิมล', 'รัตน์', 2, 190, 36, 1, 1),
(191, 1, 'พิทักษ์', 'ชาติ', 1, 191, 37, 1, 1),
(192, 3, 'เพ็ญพิมล', 'มาศ', 2, 192, 38, 1, 1),
(193, 1, 'ไพบูลย์', 'ทรัพย์มั่น', 1, 193, 39, 1, 1),
(194, 2, 'ทัศนีย์', 'บุญเลิศ', 2, 194, 40, 1, 1),
(195, 1, 'ชูชีพ', 'สุขสบาย', 1, 195, 41, 1, 1),
(196, 3, 'นิภาพร', 'แสงทอง', 2, 196, 42, 1, 1),
(197, 1, 'ประสิทธิ์', 'โชคดี', 1, 197, 43, 1, 1),
(198, 2, 'จารุณี', 'ศรีสุข', 2, 198, 44, 1, 1),
(199, 1, 'สมบูรณ์', 'พูนสุข', 1, 199, 45, 1, 1),
(200, 3, 'มิ่งขวัญ', 'สุขสบาย', 2, 200, 46, 1, 1),
(201, 1, 'ภาคภูมิ', 'ไทยแท้', 1, 0, 1, 2, 1),
(202, 3, 'พัชราภรณ์', 'แก้วตา', 2, 0, 1, 2, 1),
(203, 1, 'ธนาวุฒิ', 'เลิศสกุล', 1, 0, 1, 2, 1),
(204, 2, 'ยุวดี', 'แสงศรี', 2, 0, 1, 2, 1),
(205, 1, 'ไพรัตน์', 'ชัยภักดี', 1, 0, 1, 2, 1),
(206, 3, 'ชนิกา', 'มณีแดง', 2, 0, 2, 2, 1),
(207, 1, 'รุ่งโรจน์', 'สุขสำราญ', 1, 0, 3, 2, 1),
(208, 2, 'สุวิมล', 'ทองทิพย์', 2, 0, 4, 2, 1),
(209, 1, 'วิริยะ', 'อดทน', 1, 0, 5, 2, 1),
(210, 3, 'กมลชนก', 'บุญมี', 2, 0, 6, 2, 1),
(211, 1, 'อุดมศักดิ์', 'โชติช่วง', 1, 0, 7, 2, 1),
(212, 2, 'จิราพร', 'จันทร์หอม', 2, 0, 8, 2, 1),
(213, 1, 'ประพจน์', 'พิทักษ์', 1, 0, 9, 2, 1),
(214, 3, 'บุศรินทร์', 'เพชรไพฑูรย์', 2, 0, 10, 2, 1),
(215, 1, 'ไชยันต์', 'ฤทธิเดช', 1, 0, 11, 2, 1),
(216, 2, 'อัมพร', 'นภา', 2, 0, 12, 2, 1),
(217, 1, 'วุฒิชัย', 'เลิศชาย', 1, 0, 13, 2, 1),
(218, 3, 'อรพรรณ', 'รุ่งเรือง', 2, 0, 14, 2, 1),
(219, 1, 'ก้องเกียรติ', 'ชาญชัย', 1, 0, 15, 2, 1),
(220, 2, 'ปิยะมาศ', 'สุขุม', 2, 0, 16, 2, 1),
(221, 1, 'ธนวัฒน์', 'มั่งมี', 1, 0, 17, 2, 1),
(222, 3, 'วาสนา', 'ดีใจ', 2, 0, 18, 2, 1),
(223, 1, 'สุภชัย', 'ใจสะอาด', 1, 0, 19, 2, 1),
(224, 2, 'กาญจนา', 'ทอง', 2, 0, 20, 2, 1),
(225, 1, 'ชาญวิทย์', 'ยิ่งใหญ่', 1, 0, 21, 2, 1),
(226, 3, 'นงลักษณ์', 'ศรี', 2, 0, 22, 2, 1),
(227, 1, 'เผด็จ', 'กล้าหาญ', 1, 0, 23, 2, 1),
(228, 2, 'ผกาแก้ว', 'บุญเลิศ', 2, 0, 24, 2, 1),
(229, 1, 'ปิยะพงษ์', 'แสงจันทร์', 1, 0, 25, 2, 1),
(230, 3, 'มณีรัตน์', 'เรืองแสง', 2, 0, 26, 2, 1),
(231, 1, 'ณัฐพงษ์', 'พงษ์ไทย', 1, 0, 27, 2, 1),
(232, 2, 'นงนุช', 'อ่อนหวาน', 2, 0, 28, 2, 1),
(233, 1, 'พงศกร', 'ชาญชัย', 1, 0, 29, 2, 1),
(234, 3, 'รัชนี', 'แสงอรุณ', 2, 0, 30, 2, 1),
(235, 1, 'ธนากร', 'มั่งคั่ง', 1, 0, 31, 2, 1),
(236, 2, 'จุฑารัตน์', 'งามยิ่ง', 2, 0, 32, 2, 1),
(237, 1, 'ชัยภัทร', 'เก่งจริง', 1, 0, 33, 2, 1),
(238, 3, 'ชนกพร', 'สดใส', 2, 0, 34, 2, 1),
(239, 1, 'วรพจน์', 'คงมั่น', 1, 0, 35, 2, 1),
(240, 2, 'นันทวัน', 'สุขสันต์', 2, 0, 36, 2, 1),
(241, 1, 'ธีระพงษ์', 'ใจเย็น', 1, 0, 37, 2, 1),
(242, 3, 'พิมพ์อร', 'เมตตา', 2, 0, 38, 2, 1),
(243, 1, 'ยศพล', 'เดชากุล', 1, 0, 39, 2, 1),
(244, 2, 'สุดารัตน์', 'รุ่งโรจน์', 2, 0, 40, 2, 1),
(245, 1, 'สมเกียรติ', 'มีชัย', 1, 0, 41, 2, 1),
(246, 3, 'ทิพวรรณ', 'อำไพ', 2, 0, 42, 2, 1),
(247, 1, 'ประเวศ', 'วิไล', 1, 0, 43, 2, 1),
(248, 2, 'อรวรรณ', 'ทองสุข', 2, 0, 44, 2, 1),
(249, 1, 'ชาญศิลป์', 'เลิศสกุล', 1, 0, 45, 2, 1),
(250, 3, 'ยุพเรศ', 'ดวงใจ', 2, 0, 46, 2, 1),
(251, 1, 'อภิวัฒน์', 'สุขสม', 1, 0, 47, 2, 1),
(252, 2, 'บังอร', 'ศรีแสง', 2, 0, 48, 2, 1),
(253, 1, 'เฉลิมพล', 'บุญญา', 1, 0, 49, 2, 1),
(254, 3, 'ผ่องพรรณ', 'พรมมา', 2, 0, 50, 2, 1),
(255, 1, 'สุนทร', 'คงเจริญ', 1, 0, 51, 2, 1),
(256, 2, 'ชไมพร', 'แสงมณี', 2, 0, 2, 2, 1),
(257, 1, 'ดำรงศักดิ์', 'โชติช่วง', 1, 0, 3, 2, 1),
(258, 3, 'มัทรี', 'ทองดี', 2, 0, 4, 2, 1),
(259, 1, 'บุญชัย', 'โชคดี', 1, 0, 5, 2, 1),
(260, 2, 'พรรณราย', 'รัตน', 2, 0, 6, 2, 1),
(261, 1, 'สมเกียรติ', 'เดชากุล', 1, 0, 7, 2, 1),
(262, 3, 'เพ็ญแข', 'นภา', 2, 0, 8, 2, 1),
(263, 1, 'ณัฐวุฒิ', 'พงษ์ศิริ', 1, 0, 9, 2, 1),
(264, 2, 'อุไรวรรณ', 'สุขเกษม', 2, 0, 10, 2, 1),
(265, 1, 'วีรวัฒน์', 'มั่นคง', 1, 0, 11, 2, 1),
(266, 3, 'ศิริพร', 'งามตา', 2, 0, 12, 2, 1),
(267, 1, 'ไพฑูรย์', 'รุ่งโรจน์', 1, 0, 13, 2, 1),
(268, 2, 'กัลยา', 'พิมล', 2, 0, 14, 2, 1),
(269, 1, 'ปรีชา', 'ชาญชัย', 1, 0, 15, 2, 1),
(270, 3, 'ปราณี', 'อ่อนโยน', 2, 0, 16, 2, 1),
(271, 1, 'สมบูรณ์', 'ทรัพย์สิน', 1, 0, 17, 2, 1),
(272, 2, 'วันเพ็ญ', 'บุญมา', 2, 0, 18, 2, 1),
(273, 1, 'ธนากรณ์', 'มั่งคั่ง', 1, 0, 19, 2, 1),
(274, 3, 'จริยา', 'ธรรมดี', 2, 0, 20, 2, 1),
(275, 1, 'สุนทรชัย', 'โชคลาภ', 1, 0, 21, 2, 1),
(276, 2, 'สุวิภา', 'ใจดี', 2, 0, 22, 2, 1),
(277, 1, 'เกรียงไกร', 'ยิ่งใหญ่', 1, 0, 23, 2, 1),
(278, 3, 'พัชรี', 'ทอง', 2, 0, 24, 2, 1),
(279, 1, 'ชาญณรงค์', 'ฤทธิ์เดช', 1, 0, 25, 2, 1),
(280, 2, 'ลัดดาวัลย์', 'วารี', 2, 0, 26, 2, 1),
(281, 1, 'สิทธิโชค', 'ชัยชนะ', 1, 0, 27, 2, 1),
(282, 3, 'กนกวรรณ', 'เพชร', 2, 0, 28, 2, 1),
(283, 1, 'ประจักษ์', 'แจ้งจริง', 1, 0, 29, 2, 1),
(284, 2, 'บุษบา', 'งามเลิศ', 2, 0, 30, 2, 1),
(285, 1, 'ดำริ', 'ดีจริง', 1, 0, 31, 2, 1),
(286, 3, 'อรอนงค์', 'ศรีงาม', 2, 0, 32, 2, 1),
(287, 1, 'วรชัย', 'เดชา', 1, 0, 33, 2, 1),
(288, 2, 'บุษบงกช', 'พิมล', 2, 0, 34, 2, 1),
(289, 1, 'ธนพล', 'สุขสบาย', 1, 0, 35, 2, 1),
(290, 3, 'จันทร์เพ็ญ', 'แสงจันทร์', 2, 0, 36, 2, 1),
(291, 1, 'สุรศักดิ์', 'เลิศล้ำ', 1, 0, 37, 2, 1),
(292, 2, 'ผ่องศรี', 'ไพเราะ', 2, 0, 38, 2, 1),
(293, 1, 'ทวีชัย', 'ยิ่งยง', 1, 0, 39, 2, 1),
(294, 3, 'อุไร', 'วรรณ', 2, 0, 40, 2, 1),
(295, 1, 'สมเกียรติ', 'คงมั่น', 1, 0, 41, 2, 1),
(296, 2, 'รัตนา', 'ภรณ์', 2, 0, 42, 2, 1),
(297, 1, 'ปรีดา', 'โชคลาภ', 1, 0, 43, 2, 1),
(298, 3, 'พิสมัย', 'สุขสม', 2, 0, 44, 2, 1),
(299, 1, 'ไพโรจน์', 'ชัยมงคล', 1, 0, 45, 2, 1),
(300, 2, 'รุ่งนภา', 'สุกใส', 2, 0, 46, 2, 1),
(301, 1, 'วิวัฒน์', 'รุ่งเรือง', 1, 0, 47, 2, 1),
(302, 3, 'กุลวดี', 'แสงทอง', 2, 0, 48, 2, 1),
(303, 1, 'ชวลิต', 'เก่งกาจ', 1, 0, 49, 2, 1),
(304, 2, 'อรสา', 'บุญส่ง', 2, 0, 50, 2, 1),
(305, 1, 'กำธร', 'เดชานุภาพ', 1, 0, 51, 2, 1),
(306, 3, 'วารุณี', 'แสงอรุณ', 2, 0, 2, 2, 1),
(307, 1, 'สุนทร', 'เลิศเลอ', 1, 0, 3, 2, 1),
(308, 2, 'นภาพร', 'รัศมี', 2, 0, 4, 2, 1),
(309, 1, 'ปรีชาญ', 'ชาญชัย', 1, 0, 5, 2, 1),
(310, 3, 'จันทร', 'ทิพย์', 2, 0, 6, 2, 1),
(311, 1, 'ภาคภูมิ', 'ไทยแท้', 1, 0, 7, 2, 1),
(312, 3, 'พัชราภรณ์', 'แก้วตา', 2, 0, 8, 2, 1),
(313, 1, 'ธนาวุฒิ', 'เลิศสกุล', 1, 0, 9, 2, 1),
(314, 2, 'ยุวดี', 'แสงศรี', 2, 0, 10, 2, 1),
(315, 1, 'ไพรัตน์', 'ชัยภักดี', 1, 0, 11, 2, 1),
(316, 3, 'ชนิกา', 'มณีแดง', 2, 0, 12, 2, 1),
(317, 1, 'รุ่งโรจน์', 'สุขสำราญ', 1, 0, 13, 2, 1),
(318, 2, 'สุวิมล', 'ทองทิพย์', 2, 0, 14, 2, 1),
(319, 1, 'วิริยะ', 'อดทน', 1, 0, 15, 2, 1),
(320, 3, 'กมลชนก', 'บุญมี', 2, 0, 16, 2, 1),
(321, 1, 'อุดมศักดิ์', 'โชติช่วง', 1, 0, 17, 2, 1),
(322, 2, 'จิราพร', 'จันทร์หอม', 2, 0, 18, 2, 1),
(323, 1, 'ประพจน์', 'พิทักษ์', 1, 0, 19, 2, 1),
(324, 3, 'บุศรินทร์', 'เพชรไพฑูรย์', 2, 0, 20, 2, 1),
(325, 1, 'ไชยันต์', 'ฤทธิเดช', 1, 0, 21, 2, 1),
(326, 2, 'อัมพร', 'นภา', 2, 0, 22, 2, 1),
(327, 1, 'วุฒิชัย', 'เลิศชาย', 1, 0, 23, 2, 1),
(328, 3, 'อรพรรณ', 'รุ่งเรือง', 2, 0, 24, 2, 1),
(329, 1, 'ก้องเกียรติ', 'ชาญชัย', 1, 0, 25, 2, 1),
(330, 2, 'ปิยะมาศ', 'สุขุม', 2, 0, 26, 2, 1),
(331, 1, 'ธนวัฒน์', 'มั่งมี', 1, 0, 27, 2, 1),
(332, 3, 'วาสนา', 'ดีใจ', 2, 0, 28, 2, 1),
(333, 1, 'สุภชัย', 'ใจสะอาด', 1, 0, 29, 2, 1),
(334, 2, 'กาญจนา', 'ทอง', 2, 0, 30, 2, 1),
(335, 1, 'ชาญวิทย์', 'ยิ่งใหญ่', 1, 0, 31, 2, 1),
(336, 3, 'นงลักษณ์', 'ศรี', 2, 0, 32, 2, 1),
(337, 1, 'เผด็จ', 'กล้าหาญ', 1, 0, 33, 2, 1),
(338, 2, 'ผกาแก้ว', 'บุญเลิศ', 2, 0, 34, 2, 1),
(339, 1, 'ปิยะพงษ์', 'แสงจันทร์', 1, 0, 35, 2, 1),
(340, 3, 'มณีรัตน์', 'เรืองแสง', 2, 0, 36, 2, 1),
(341, 1, 'ณัฐพงษ์', 'พงษ์ไทย', 1, 0, 37, 2, 1),
(342, 2, 'นงนุช', 'อ่อนหวาน', 2, 0, 38, 2, 1),
(343, 1, 'พงศกร', 'ชาญชัย', 1, 0, 39, 2, 1),
(344, 3, 'รัชนี', 'แสงอรุณ', 2, 0, 40, 2, 1),
(345, 1, 'ธนากร', 'มั่งคั่ง', 1, 0, 41, 2, 1),
(346, 2, 'จุฑารัตน์', 'งามยิ่ง', 2, 0, 42, 2, 1),
(347, 1, 'ชัยภัทร', 'เก่งจริง', 1, 0, 43, 2, 1),
(348, 3, 'ชนกพร', 'สดใส', 2, 0, 44, 2, 1),
(349, 1, 'วรพจน์', 'คงมั่น', 1, 0, 45, 2, 1),
(350, 2, 'นันทวัน', 'สุขสันต์', 2, 0, 46, 2, 1),
(351, 1, 'ธีระพงษ์', 'ใจเย็น', 1, 0, 47, 2, 1),
(352, 3, 'พิมพ์อร', 'เมตตา', 2, 0, 48, 2, 1),
(353, 1, 'ยศพล', 'เดชากุล', 1, 0, 49, 2, 1),
(354, 2, 'สุดารัตน์', 'รุ่งโรจน์', 2, 0, 50, 2, 1),
(355, 1, 'สมเกียรติ', 'มีชัย', 1, 0, 51, 2, 1),
(356, 3, 'ทิพวรรณ', 'อำไพ', 2, 0, 2, 2, 1),
(357, 1, 'ประเวศ', 'วิไล', 1, 0, 3, 2, 1),
(358, 2, 'อรวรรณ', 'ทองสุข', 2, 0, 4, 2, 1),
(359, 1, 'ชาญศิลป์', 'เลิศสกุล', 1, 0, 5, 2, 1),
(360, 3, 'ยุพเรศ', 'ดวงใจ', 2, 0, 6, 2, 1),
(361, 1, 'อภิวัฒน์', 'สุขสม', 1, 0, 7, 2, 1),
(362, 2, 'บังอร', 'ศรีแสง', 2, 0, 8, 2, 1),
(363, 1, 'เฉลิมพล', 'บุญญา', 1, 0, 9, 2, 1),
(364, 3, 'ผ่องพรรณ', 'พรมมา', 2, 0, 10, 2, 1),
(365, 1, 'สุนทร', 'คงเจริญ', 1, 0, 11, 2, 1),
(366, 2, 'ชไมพร', 'แสงมณี', 2, 0, 12, 2, 1),
(367, 1, 'ดำรงศักดิ์', 'โชติช่วง', 1, 0, 13, 2, 1),
(368, 3, 'มัทรี', 'ทองดี', 2, 0, 14, 2, 1),
(369, 1, 'บุญชัย', 'โชคดี', 1, 0, 15, 2, 1),
(370, 2, 'พรรณราย', 'รัตน', 2, 0, 16, 2, 1),
(371, 1, 'สมเกียรติ', 'เดชากุล', 1, 0, 17, 2, 1),
(372, 3, 'เพ็ญแข', 'นภา', 2, 0, 18, 2, 1),
(373, 1, 'ณัฐวุฒิ', 'พงษ์ศิริ', 1, 0, 19, 2, 1),
(374, 2, 'อุไรวรรณ', 'สุขเกษม', 2, 0, 20, 2, 1),
(375, 1, 'วีรวัฒน์', 'มั่นคง', 1, 0, 21, 2, 1),
(376, 3, 'ศิริพร', 'งามตา', 2, 0, 22, 2, 1),
(377, 1, 'ไพฑูรย์', 'รุ่งโรจน์', 1, 0, 23, 2, 1),
(378, 2, 'กัลยา', 'พิมล', 2, 0, 24, 2, 1),
(379, 1, 'ปรีชา', 'ชาญชัย', 1, 0, 25, 2, 1),
(380, 3, 'ปราณี', 'อ่อนโยน', 2, 0, 26, 2, 1),
(381, 1, 'สมบูรณ์', 'ทรัพย์สิน', 1, 0, 27, 2, 1),
(382, 2, 'วันเพ็ญ', 'บุญมา', 2, 0, 28, 2, 1),
(383, 1, 'ธนากรณ์', 'มั่งคั่ง', 1, 0, 29, 2, 1),
(384, 3, 'จริยา', 'ธรรมดี', 2, 0, 30, 2, 1),
(385, 1, 'สุนทรชัย', 'โชคลาภ', 1, 0, 31, 2, 1),
(386, 2, 'สุวิภา', 'ใจดี', 2, 0, 32, 2, 1),
(387, 1, 'เกรียงไกร', 'ยิ่งใหญ่', 1, 0, 33, 2, 1),
(388, 3, 'พัชรี', 'ทอง', 2, 0, 34, 2, 1),
(389, 1, 'ชาญณรงค์', 'ฤทธิ์เดช', 1, 0, 35, 2, 1),
(390, 2, 'ลัดดาวัลย์', 'วารี', 2, 0, 36, 2, 1),
(391, 1, 'สิทธิโชค', 'ชัยชนะ', 1, 0, 37, 2, 1),
(392, 3, 'กนกวรรณ', 'เพชร', 2, 0, 38, 2, 1),
(393, 1, 'ประจักษ์', 'แจ้งจริง', 1, 0, 39, 2, 1),
(394, 2, 'บุษบา', 'งามเลิศ', 2, 0, 40, 2, 1),
(395, 1, 'ดำริ', 'ดีจริง', 1, 0, 41, 2, 1),
(396, 3, 'อรอนงค์', 'ศรีงาม', 2, 0, 42, 2, 1),
(397, 1, 'วรชัย', 'เดชา', 1, 0, 43, 2, 1),
(398, 2, 'บุษบงกช', 'พิมล', 2, 0, 44, 2, 1),
(399, 1, 'ธนพล', 'สุขสบาย', 1, 0, 45, 2, 1),
(400, 3, 'จันทร์เพ็ญ', 'แสงจันทร์', 2, 0, 46, 2, 1),
(401, 1, 'บุญส่ง', 'โชคลาภ', 1, 0, 0, 3, 1),
(402, 3, 'อัจฉราภรณ์', 'งดงาม', 2, 0, 0, 3, 1),
(403, 1, 'อำนาจ', 'ฤทธิ์เดช', 1, 0, 0, 3, 1),
(404, 2, 'พวงเพ็ญ', 'แสงใส', 2, 0, 0, 3, 1),
(405, 1, 'ไพโรจน์', 'ชัยชนะ', 1, 0, 0, 3, 1),
(406, 3, 'กนกวรรณ', 'ทองคำ', 2, 0, 0, 3, 1),
(407, 1, 'สมนึก', 'คิดดี', 1, 0, 0, 3, 1),
(408, 2, 'ปราณี', 'ศรีสุข', 2, 0, 0, 3, 1),
(409, 1, 'สุวินัย', 'สุภาพ', 1, 0, 0, 3, 1),
(410, 3, 'พิมพิกา', 'มีบุญ', 2, 0, 0, 3, 1),
(411, 1, 'วิทวัส', 'ไพศาล', 1, 0, 0, 3, 1),
(412, 2, 'วรารัตน์', 'แสงดาว', 2, 0, 0, 3, 1),
(413, 1, 'จรัส', 'แสงสว่าง', 1, 0, 0, 3, 1),
(414, 3, 'รัตนาภรณ์', 'รุ่งเรือง', 2, 0, 0, 3, 1),
(415, 1, 'ไพรัช', 'ชัยยันต์', 1, 0, 0, 3, 1),
(416, 2, 'ทัศนีย์', 'วิไล', 2, 0, 0, 3, 1),
(417, 1, 'สุรศักดิ์', 'ยิ่งยง', 1, 0, 0, 3, 1),
(418, 3, 'วนิดา', 'สุขสบาย', 2, 0, 0, 3, 1),
(419, 1, 'สมโภชน์', 'พร้อมพงษ์', 1, 0, 0, 3, 1),
(420, 2, 'พัชรินทร์', 'ทองคำ', 2, 0, 0, 3, 1),
(421, 1, 'วิทยา', 'คงมั่น', 1, 0, 0, 3, 1),
(422, 3, 'อรพินท์', 'งามตา', 2, 0, 0, 3, 1),
(423, 1, 'ประยงค์', 'บุญส่ง', 1, 0, 0, 3, 1),
(424, 2, 'นภาพร', 'รัศมี', 2, 0, 0, 3, 1),
(425, 1, 'สนธยา', 'แสงทอง', 1, 0, 0, 3, 1),
(426, 3, 'ปัทมา', 'พฤกษา', 2, 0, 0, 3, 1),
(427, 1, 'เกรียงศักดิ์', 'ชัยชาญ', 1, 0, 0, 3, 1),
(428, 2, 'ทิพย์วรรณ', 'มาศ', 2, 0, 0, 3, 1),
(429, 1, 'ชูศักดิ์', 'ฤกษ์ดี', 1, 0, 0, 3, 1),
(430, 3, 'อารยา', 'สุขใจ', 2, 0, 0, 3, 1),
(431, 1, 'พลชัย', 'บุญมี', 1, 0, 0, 3, 1),
(432, 2, 'สุภาพร', 'ผ่องใส', 2, 0, 0, 3, 1),
(433, 1, 'ไพศิษฐ์', 'มงคล', 1, 0, 0, 3, 1),
(434, 3, 'บงกช', 'พิมล', 2, 0, 0, 3, 1),
(435, 1, 'สมคิด', 'ประสิทธิ์', 1, 0, 0, 3, 1),
(436, 2, 'ศิริพร', 'งามยิ่ง', 2, 0, 0, 3, 1),
(437, 1, 'สุนทร', 'เลิศล้ำ', 1, 0, 0, 3, 1),
(438, 3, 'กัญญา', 'มาศ', 2, 0, 0, 3, 1),
(439, 1, 'วิทยา', 'ไพโรจน์', 1, 0, 0, 3, 1),
(440, 2, 'บุษบง', 'สวยงาม', 2, 0, 0, 3, 1),
(441, 1, 'ศักดิ์ชัย', 'มั่นคง', 1, 0, 0, 3, 1),
(442, 3, 'พิสมัย', 'สุขสม', 2, 0, 0, 3, 1),
(443, 1, 'บรรลือ', 'ฤทธิ์เดช', 1, 0, 0, 3, 1),
(444, 2, 'บังอร', 'สุขใส', 2, 0, 0, 3, 1),
(445, 1, 'นพดล', 'บารมี', 1, 0, 0, 3, 1),
(446, 3, 'วันดี', 'สุขใจ', 2, 0, 0, 3, 1),
(447, 1, 'ปรีชา', 'ชาญชัย', 1, 0, 0, 3, 1),
(448, 2, 'จันทร', 'ทิพย์', 2, 0, 0, 3, 1),
(449, 1, 'เสรี', 'มิตรภาพ', 1, 0, 0, 3, 1),
(450, 3, 'มัทนา', 'แสงทอง', 2, 0, 0, 3, 1),
(451, 1, 'สมเดช', 'ไกลโพ้น', 1, 0, 0, 3, 1),
(452, 2, 'นงลักษณ์', 'งามสง่า', 2, 0, 0, 3, 1),
(453, 1, 'ทวี', 'ลาภผล', 1, 0, 0, 3, 1),
(454, 3, 'เพ็ญศรี', 'บุญส่ง', 2, 0, 0, 3, 1),
(455, 1, 'ไพโรจน์', 'ชัยมงคล', 1, 0, 0, 3, 1),
(456, 2, 'สุวนันท์', 'รุ่งเรือง', 2, 0, 0, 3, 1),
(457, 1, 'บัญชา', 'ชาญยุทธ', 1, 0, 0, 3, 1),
(458, 3, 'พรทิพย์', 'มณี', 2, 0, 0, 3, 1),
(459, 1, 'อุดม', 'สมบูรณ์', 1, 0, 0, 3, 1),
(460, 2, 'รุ่งนภา', 'สุกใส', 2, 0, 0, 3, 1),
(461, 1, 'ประวิตร', 'เลิศชาย', 1, 0, 0, 3, 1),
(462, 3, 'ผ่องศรี', 'งามดี', 2, 0, 0, 3, 1),
(463, 1, 'พงษ์เทพ', 'ฤทธิรงค์', 1, 0, 0, 3, 1),
(464, 2, 'บุศราคัม', 'เพชร', 2, 0, 0, 3, 1),
(465, 1, 'อัครพล', 'เกรียงไกร', 1, 0, 0, 3, 1),
(466, 3, 'นงคราญ', 'งามวิไล', 2, 0, 0, 3, 1),
(467, 1, 'เฉลิมชัย', 'สุขยิ่ง', 1, 0, 0, 3, 1),
(468, 2, 'ศิริรัตน์', 'เรืองแสง', 2, 0, 0, 3, 1),
(469, 1, 'ประจวบ', 'โชคลาภ', 1, 0, 0, 3, 1),
(470, 3, 'มณีนุช', 'ทองดี', 2, 0, 0, 3, 1),
(471, 1, 'วรวุฒิ', 'ชัยธวัช', 1, 0, 0, 3, 1),
(472, 2, 'วรนุช', 'แสงจันทร์', 2, 0, 0, 3, 1),
(473, 1, 'ธงชัย', 'เกรียงไกร', 1, 0, 0, 3, 1),
(474, 3, 'ปวีณา', 'สุขใจ', 2, 0, 0, 3, 1),
(475, 1, 'อนันต์', 'ชัยภูมิ', 1, 0, 0, 3, 1),
(476, 2, 'ยุพาพร', 'สุขสบาย', 2, 0, 0, 3, 1),
(477, 1, 'ศักดิ์สิทธิ์', 'ฤทธิ์เดช', 1, 0, 0, 3, 1),
(478, 3, 'บังอร', 'พิมล', 2, 0, 0, 3, 1),
(479, 1, 'พยุง', 'พงษ์ไทย', 1, 0, 0, 3, 1),
(480, 2, 'รัชนีกร', 'แสงทอง', 2, 0, 0, 3, 1),
(481, 1, 'อดิศักดิ์', 'กล้าหาญ', 1, 0, 0, 3, 1),
(482, 3, 'ทิพวรรณ', 'ทอง', 2, 0, 0, 3, 1),
(483, 1, 'สุกิจ', 'เจริญสุข', 1, 0, 0, 3, 1),
(484, 2, 'ศิริลักษณ์', 'งามยิ่ง', 2, 0, 0, 3, 1),
(485, 1, 'ไพฑูรย์', 'มณีรัตน์', 1, 0, 0, 3, 1),
(486, 3, 'มณีรัตน์', 'เพชร', 2, 0, 0, 3, 1),
(487, 1, 'บรรเจิด', 'แสงสว่าง', 1, 0, 0, 3, 1),
(488, 2, 'ดวงพร', 'สุกใส', 2, 0, 0, 3, 1),
(489, 1, 'ชัยสิทธิ์', 'โชคดี', 1, 0, 0, 3, 1),
(490, 3, 'พิมพวรรณ', 'เลิศล้ำ', 2, 0, 0, 3, 1),
(491, 1, 'ชวลิต', 'เก่งกาจ', 1, 0, 0, 3, 1),
(492, 2, 'วันทนา', 'รุ่งอรุณ', 2, 0, 0, 3, 1),
(493, 1, 'ประเสริฐ', 'ยิ่งยง', 1, 0, 0, 3, 1),
(494, 3, 'บุษยา', 'บุญส่ง', 2, 0, 0, 3, 1),
(495, 1, 'ธีรศักดิ์', 'ชัยชนะ', 1, 0, 0, 3, 1),
(496, 2, 'จงกลณี', 'ศรีงาม', 2, 0, 0, 3, 1),
(497, 1, 'สถาพร', 'คงทน', 1, 0, 0, 3, 1),
(498, 3, 'สุกัญญา', 'พิมล', 2, 0, 0, 3, 1),
(499, 1, 'อาคม', 'เดช', 1, 0, 0, 3, 1),
(500, 2, 'สุวิมล', 'รัตน์', 2, 0, 0, 3, 1),
(501, 1, 'พิทักษ์', 'ชาติ', 1, 0, 0, 3, 1),
(502, 3, 'เพ็ญพิมล', 'มาศ', 2, 0, 0, 3, 1),
(503, 1, 'ไพบูลย์', 'ทรัพย์มั่น', 1, 0, 0, 3, 1),
(504, 2, 'ทัศนีย์', 'บุญเลิศ', 2, 0, 0, 3, 1),
(505, 1, 'ชูชีพ', 'สุขสบาย', 1, 0, 0, 3, 1),
(506, 3, 'นิภาพร', 'แสงทอง', 2, 0, 0, 3, 1),
(507, 1, 'ประสิทธิ์', 'โชคดี', 1, 0, 0, 3, 1),
(508, 2, 'จารุณี', 'ศรีสุข', 2, 0, 0, 3, 1),
(509, 1, 'สมบูรณ์', 'พูนสุข', 1, 0, 0, 3, 1),
(510, 3, 'มิ่งขวัญ', 'สุขสบาย', 2, 0, 0, 3, 1),
(511, 1, 'พงษ์ศักดิ์', 'เจริญ', 1, 0, 0, 3, 1),
(512, 2, 'อารยา', 'สุขใจ', 2, 0, 0, 3, 1),
(513, 1, 'วีรพงษ์', 'ชัยชนะ', 1, 0, 0, 3, 1),
(514, 3, 'เมตตา', 'กรุณา', 2, 0, 0, 3, 1),
(515, 1, 'ธนวัฒน์', 'รุ่งเรือง', 1, 0, 0, 3, 1),
(516, 2, 'รัชนี', 'แสงอรุณ', 2, 0, 0, 3, 1),
(517, 1, 'เกียรติศักดิ์', 'ยิ่งยง', 1, 0, 0, 3, 1),
(518, 3, 'พัชรี', 'ทองดี', 2, 0, 0, 3, 1),
(519, 1, 'สุรเชษฐ์', 'เดชานุภาพ', 1, 0, 0, 3, 1),
(520, 2, 'จิราภา', 'สุขุม', 2, 0, 0, 3, 1),
(521, 1, 'เฉลิมพล', 'บุญญา', 1, 0, 0, 3, 1),
(522, 3, 'ผ่องพรรณ', 'พรมมา', 2, 0, 0, 3, 1),
(523, 1, 'ไพศาล', 'มั่งคั่ง', 1, 0, 0, 3, 1),
(524, 2, 'อรวรรณ', 'ทองสุข', 2, 0, 0, 3, 1),
(525, 1, 'ประสงค์', 'ดีจริง', 1, 0, 0, 3, 1),
(526, 3, 'มัทรี', 'มณีรัตน์', 2, 0, 0, 3, 1),
(527, 1, 'ดำรง', 'คงมั่น', 1, 0, 0, 3, 1),
(528, 2, 'บุษบงกช', 'งามเลิศ', 2, 0, 0, 3, 1),
(529, 1, 'อนันต์', 'นิรันดร์', 1, 0, 0, 3, 1),
(530, 3, 'เพ็ญศรี', 'บุญมา', 2, 0, 0, 3, 1),
(531, 1, 'สมยศ', 'ชาญชัย', 1, 0, 0, 3, 1),
(532, 2, 'สุวิมล', 'ใจดี', 2, 0, 0, 3, 1),
(533, 1, 'ธนพล', 'สุขสบาย', 1, 0, 0, 3, 1),
(534, 3, 'กนกวรรณ', 'แสงทอง', 2, 0, 0, 3, 1),
(535, 1, 'วรวุฒิ', 'ชัยธวัช', 1, 0, 0, 3, 1),
(536, 2, 'นงคราญ', 'งามวิไล', 2, 0, 0, 3, 1),
(537, 1, 'สุชาติ', 'เลิศล้ำ', 1, 0, 0, 3, 1),
(538, 3, 'พัชรินทร์', 'เพชร', 2, 0, 0, 3, 1),
(539, 1, 'บัญชา', 'ศักดิ์ศรี', 1, 0, 0, 3, 1),
(540, 2, 'จันทนา', 'สุกใส', 2, 0, 0, 3, 1),
(541, 1, 'สิทธิชัย', 'โชคดี', 1, 0, 0, 3, 1),
(542, 3, 'พิมพา', 'บุญเลิศ', 2, 0, 0, 3, 1),
(543, 1, 'อภิชาติ', 'เลิศชาย', 1, 0, 0, 3, 1),
(544, 2, 'ยุวดี', 'ชื่นใจ', 2, 0, 0, 3, 1),
(545, 1, 'ฉัตรชัย', 'พงษ์ไทย', 1, 0, 0, 3, 1),
(546, 2, 'สุวารี', 'สุขเกษม', 2, 0, 0, 3, 1),
(547, 1, 'ดำรง', 'ชัยชนะ', 1, 0, 0, 3, 1),
(548, 3, 'นันทนา', 'แสงจันทร์', 2, 0, 0, 3, 1),
(549, 1, 'ไพศาล', 'มั่งคั่ง', 1, 0, 0, 3, 1),
(550, 2, 'มยุรี', 'งดงาม', 2, 0, 0, 3, 1),
(551, 1, 'ทรงพล', 'เดชานุภาพ', 1, 0, 0, 3, 1),
(552, 3, 'จริยา', 'ธรรมดี', 2, 0, 0, 3, 1),
(553, 1, 'สมพงษ์', 'พงษ์ศรี', 1, 0, 0, 3, 1),
(554, 2, 'สุมาลี', 'ใจดี', 2, 0, 0, 3, 1),
(555, 1, 'สุรชัย', 'เกรียงไกร', 1, 0, 0, 3, 1),
(556, 3, 'อารีรัตน์', 'สุขุม', 2, 0, 0, 3, 1),
(557, 1, 'วิชัย', 'รุ่งเรือง', 1, 0, 0, 3, 1),
(558, 2, 'อุบล', 'รัตน์', 2, 0, 0, 3, 1),
(559, 1, 'สุชาติ', 'เลิศล้ำ', 1, 0, 0, 3, 1),
(560, 3, 'พัชรี', 'ทองดี', 2, 0, 0, 3, 1),
(561, 1, 'ชาญชัย', 'ชาญณรงค์', 1, 0, 0, 3, 1),
(562, 2, 'ลัดดา', 'วลัย', 2, 0, 0, 3, 1),
(563, 1, 'บุญส่ง', 'โชคลาภ', 1, 0, 0, 3, 1),
(564, 3, 'อัจฉราภรณ์', 'งดงาม', 2, 0, 0, 3, 1),
(565, 1, 'อำนาจ', 'ฤทธิ์เดช', 1, 0, 0, 3, 1),
(566, 2, 'พวงเพ็ญ', 'แสงใส', 2, 0, 0, 3, 1),
(567, 1, 'ไพโรจน์', 'ชัยชนะ', 1, 0, 0, 3, 1),
(568, 3, 'กนกวรรณ', 'ทองคำ', 2, 0, 0, 3, 1),
(569, 1, 'สมนึก', 'คิดดี', 1, 0, 0, 3, 1),
(570, 2, 'ปราณี', 'ศรีสุข', 2, 0, 0, 3, 1),
(571, 1, 'สุวินัย', 'สุภาพ', 1, 0, 0, 3, 1),
(572, 3, 'พิมพิกา', 'มีบุญ', 2, 0, 0, 3, 1),
(573, 1, 'วิทวัส', 'ไพศาล', 1, 0, 0, 3, 1),
(574, 2, 'วรารัตน์', 'แสงดาว', 2, 0, 0, 3, 1),
(575, 1, 'จรัส', 'แสงสว่าง', 1, 0, 0, 3, 1),
(576, 3, 'รัตนาภรณ์', 'รุ่งเรือง', 2, 0, 0, 3, 1),
(577, 1, 'ไพรัช', 'ชัยยันต์', 1, 0, 0, 3, 1),
(578, 2, 'ทัศนีย์', 'วิไล', 2, 0, 0, 3, 1),
(579, 1, 'สุรศักดิ์', 'ยิ่งยง', 1, 0, 0, 3, 1),
(580, 3, 'วนิดา', 'สุขสบาย', 2, 0, 0, 3, 1),
(581, 1, 'สมโภชน์', 'พร้อมพงษ์', 1, 0, 0, 3, 1),
(582, 2, 'พัชรินทร์', 'ทองคำ', 2, 0, 0, 3, 1),
(583, 1, 'วิทยา', 'คงมั่น', 1, 0, 0, 3, 1),
(584, 3, 'อรพินท์', 'งามตา', 2, 0, 0, 3, 1),
(585, 1, 'ประยงค์', 'บุญส่ง', 1, 0, 0, 3, 1),
(586, 2, 'นภาพร', 'รัศมี', 2, 0, 0, 3, 1),
(587, 1, 'สนธยา', 'แสงทอง', 1, 0, 0, 3, 1),
(588, 3, 'ปัทมา', 'พฤกษา', 2, 0, 0, 3, 1),
(589, 1, 'เกรียงศักดิ์', 'ชัยชาญ', 1, 0, 0, 3, 1),
(590, 2, 'ทิพย์วรรณ', 'มาศ', 2, 0, 0, 3, 1),
(591, 1, 'ชูศักดิ์', 'ฤกษ์ดี', 1, 0, 0, 3, 1),
(592, 3, 'อารยา', 'สุขใจ', 2, 0, 0, 3, 1),
(593, 1, 'พลชัย', 'บุญมี', 1, 0, 0, 3, 1),
(594, 2, 'สุภาพร', 'ผ่องใส', 2, 0, 0, 3, 1),
(595, 1, 'ไพศิษฐ์', 'มงคล', 1, 0, 0, 3, 1),
(596, 3, 'บงกช', 'พิมล', 2, 0, 0, 3, 1),
(597, 1, 'สมคิด', 'ประสิทธิ์', 1, 0, 0, 3, 1),
(598, 2, 'ศิริพร', 'งามยิ่ง', 2, 0, 0, 3, 1),
(599, 1, 'สุนทร', 'เลิศล้ำ', 1, 0, 0, 3, 1),
(600, 3, 'กัญญา', 'มาศ', 2, 0, 0, 3, 1);

-- --------------------------------------------------------

--
-- Table structure for table `emp_status`
--

CREATE TABLE `emp_status` (
  `es_id` int(11) NOT NULL,
  `es_name_th` varchar(255) NOT NULL
) ENGINE=InnoDB DEFAULT CHARSET=utf8 COLLATE=utf8_general_ci;

--
-- Dumping data for table `emp_status`
--

INSERT INTO `emp_status` (`es_id`, `es_name_th`) VALUES
(1, 'พร้อม'),
(2, 'ไม่พร้อม');

-- --------------------------------------------------------

--
-- Table structure for table `emp_type`
--

CREATE TABLE `emp_type` (
  `empt_id` int(11) NOT NULL,
  `empt_name_th` varchar(100) NOT NULL,
  `emp_name_en` varchar(100) NOT NULL,
  `empt_name` varchar(10) NOT NULL
) ENGINE=InnoDB DEFAULT CHARSET=utf8 COLLATE=utf8_general_ci;

--
-- Dumping data for table `emp_type`
--

INSERT INTO `emp_type` (`empt_id`, `empt_name_th`, `emp_name_en`, `empt_name`) VALUES
(1, 'พนักงานขับรถ', 'Main driver', 'พชร.'),
(2, 'พนักงานขับรถ พ่วง', 'extra driver', 'พขร. พ่วง'),
(3, 'โค้ช', 'coach', 'โค้ช');

-- --------------------------------------------------------

--
-- Table structure for table `gender`
--

CREATE TABLE `gender` (
  `gen_id` int(11) NOT NULL,
  `gen_name_th` varchar(30) NOT NULL,
  `gen_name_en` varchar(30) NOT NULL
) ENGINE=InnoDB DEFAULT CHARSET=utf8 COLLATE=utf8_general_ci;

--
-- Dumping data for table `gender`
--

INSERT INTO `gender` (`gen_id`, `gen_name_th`, `gen_name_en`) VALUES
(1, 'ชาย', 'Male'),
(2, 'หญิง', 'Female');

-- --------------------------------------------------------

--
-- Table structure for table `group`
--

CREATE TABLE `group` (
  `group_id` int(11) NOT NULL,
  `main_dri` int(11) NOT NULL,
  `bi_id` int(11) NOT NULL,
  `ex_dri1` int(11) NOT NULL,
  `ex_dri2` int(11) NOT NULL,
  `coach` int(11) NOT NULL
) ENGINE=InnoDB DEFAULT CHARSET=utf8 COLLATE=utf8_general_ci;

--
-- Dumping data for table `group`
--

INSERT INTO `group` (`group_id`, `main_dri`, `bi_id`, `ex_dri1`, `ex_dri2`, `coach`) VALUES
(1, 1, 1, 201, 0, 401),
(2, 2, 2, 0, 202, 402),
(3, 3, 3, 203, 0, 403),
(4, 3, 3, 0, 204, 404),
(5, 5, 5, 205, 0, 405),
(6, 6, 6, 0, 206, 406),
(7, 7, 7, 207, 0, 407),
(8, 8, 8, 0, 208, 408),
(9, 9, 9, 209, 0, 409),
(10, 10, 10, 0, 210, 410),
(11, 11, 11, 211, 0, 411),
(12, 12, 12, 0, 212, 412),
(13, 13, 13, 213, 0, 413),
(14, 14, 14, 0, 214, 414),
(15, 15, 15, 215, 0, 415),
(16, 16, 16, 0, 216, 416),
(17, 17, 17, 217, 0, 417),
(18, 18, 18, 0, 218, 418),
(19, 19, 19, 219, 0, 419),
(20, 20, 20, 0, 220, 420),
(21, 21, 21, 221, 0, 421),
(22, 22, 22, 0, 222, 422),
(23, 23, 23, 223, 0, 423),
(24, 24, 24, 0, 224, 424),
(25, 25, 25, 225, 0, 425),
(26, 26, 26, 0, 226, 426),
(27, 27, 27, 227, 0, 427),
(28, 28, 28, 0, 228, 428),
(29, 29, 29, 229, 0, 429),
(30, 30, 30, 0, 230, 430),
(31, 31, 31, 231, 0, 431),
(32, 32, 32, 0, 232, 432),
(33, 33, 33, 233, 0, 433),
(34, 34, 34, 0, 234, 434),
(35, 35, 35, 235, 0, 435),
(36, 36, 36, 0, 236, 436),
(37, 37, 37, 237, 0, 437),
(38, 38, 38, 0, 238, 438),
(39, 39, 39, 239, 0, 439),
(40, 40, 40, 0, 240, 440),
(41, 41, 41, 241, 0, 441),
(42, 42, 42, 0, 242, 442),
(43, 43, 43, 243, 0, 443),
(44, 44, 44, 0, 244, 444),
(45, 45, 45, 245, 0, 445),
(46, 46, 46, 0, 246, 446),
(47, 47, 47, 247, 0, 447),
(48, 48, 48, 0, 248, 448),
(49, 49, 49, 249, 0, 449),
(50, 50, 50, 0, 250, 450),
(51, 51, 51, 251, 0, 451),
(52, 52, 52, 0, 252, 452),
(53, 53, 53, 253, 0, 453),
(54, 54, 54, 0, 254, 454),
(55, 55, 55, 255, 0, 455),
(56, 56, 56, 0, 256, 456),
(57, 57, 57, 257, 0, 457),
(58, 58, 58, 0, 258, 458),
(59, 59, 59, 259, 0, 459),
(60, 60, 60, 0, 260, 460),
(61, 61, 61, 261, 0, 461),
(62, 62, 62, 0, 262, 462),
(63, 63, 63, 263, 0, 463),
(64, 64, 64, 0, 264, 464),
(65, 65, 65, 265, 0, 465),
(66, 66, 66, 0, 266, 466),
(67, 67, 67, 267, 0, 467),
(68, 68, 68, 0, 268, 468),
(69, 69, 69, 269, 0, 469),
(70, 70, 70, 0, 270, 470),
(71, 71, 71, 271, 0, 471),
(72, 72, 72, 0, 272, 472),
(73, 73, 73, 273, 0, 473),
(74, 74, 74, 0, 274, 474),
(75, 75, 75, 275, 0, 475),
(76, 76, 76, 0, 276, 476),
(77, 77, 77, 277, 0, 477),
(78, 78, 78, 0, 278, 478),
(79, 79, 79, 279, 0, 479),
(80, 80, 80, 0, 280, 480),
(81, 81, 81, 281, 0, 481),
(82, 82, 82, 0, 282, 482),
(83, 83, 83, 283, 0, 483),
(84, 84, 84, 0, 284, 484),
(85, 85, 85, 285, 0, 485),
(86, 86, 86, 0, 286, 486),
(87, 87, 87, 287, 0, 487),
(88, 88, 88, 0, 288, 488),
(89, 89, 89, 289, 0, 489),
(90, 90, 90, 0, 290, 490),
(91, 91, 91, 291, 0, 491),
(92, 92, 92, 0, 292, 492),
(93, 93, 93, 293, 0, 493),
(94, 94, 94, 0, 294, 494),
(95, 95, 95, 295, 0, 495),
(96, 96, 96, 0, 296, 496),
(97, 97, 97, 297, 0, 497),
(98, 98, 98, 0, 298, 498),
(99, 99, 99, 299, 0, 499),
(100, 100, 100, 0, 300, 500),
(101, 101, 101, 301, 0, 501),
(102, 102, 102, 0, 302, 502),
(103, 103, 103, 303, 0, 503),
(104, 104, 104, 0, 304, 504),
(105, 105, 105, 305, 0, 505),
(106, 106, 106, 0, 306, 506),
(107, 107, 107, 307, 0, 507),
(108, 108, 108, 0, 308, 508),
(109, 109, 109, 309, 0, 509),
(110, 110, 110, 0, 310, 510),
(111, 111, 111, 311, 0, 511),
(112, 112, 112, 0, 312, 512),
(113, 113, 113, 313, 0, 513),
(114, 114, 114, 0, 314, 514),
(115, 115, 115, 315, 0, 515),
(116, 116, 116, 0, 316, 516),
(117, 117, 117, 317, 0, 517),
(118, 118, 118, 0, 318, 518),
(119, 119, 119, 319, 0, 519),
(120, 120, 120, 0, 320, 520),
(121, 121, 121, 321, 0, 521),
(122, 122, 122, 0, 322, 522),
(123, 123, 123, 323, 0, 523),
(124, 124, 124, 0, 324, 524),
(125, 125, 125, 325, 0, 525),
(126, 126, 126, 0, 326, 526),
(127, 127, 127, 327, 0, 527),
(128, 128, 128, 0, 328, 528),
(129, 129, 129, 329, 0, 529),
(130, 130, 130, 0, 330, 530),
(131, 131, 131, 331, 0, 531),
(132, 132, 132, 0, 332, 532),
(133, 133, 133, 333, 0, 533),
(134, 134, 134, 0, 334, 534),
(135, 135, 135, 335, 0, 535),
(136, 136, 136, 0, 336, 536),
(137, 137, 137, 337, 0, 537),
(138, 138, 138, 0, 338, 538),
(139, 139, 139, 339, 0, 539),
(140, 140, 140, 0, 340, 540),
(141, 141, 141, 341, 0, 541),
(142, 142, 142, 0, 342, 542),
(143, 143, 143, 343, 0, 543),
(144, 144, 144, 0, 344, 544),
(145, 145, 145, 345, 0, 545),
(146, 146, 146, 0, 346, 546),
(147, 147, 147, 347, 0, 547),
(148, 148, 148, 0, 348, 548),
(149, 149, 149, 349, 0, 549),
(150, 150, 150, 0, 350, 550),
(151, 151, 151, 351, 0, 551),
(152, 152, 152, 0, 352, 552),
(153, 153, 153, 353, 0, 553),
(154, 154, 154, 0, 354, 554),
(155, 155, 155, 355, 0, 555),
(156, 156, 156, 0, 356, 556),
(157, 157, 157, 357, 0, 557),
(158, 2, 2, 0, 358, 558),
(159, 159, 159, 359, 0, 559),
(160, 160, 160, 0, 360, 560),
(161, 161, 161, 361, 0, 561),
(162, 162, 162, 0, 362, 562),
(163, 163, 163, 363, 0, 563),
(164, 164, 164, 0, 364, 564),
(165, 165, 165, 365, 0, 565),
(166, 166, 166, 0, 366, 566),
(167, 167, 167, 367, 0, 567),
(168, 168, 168, 0, 368, 568),
(169, 169, 169, 369, 0, 569),
(170, 170, 170, 0, 370, 570),
(171, 171, 171, 371, 0, 571),
(172, 172, 172, 0, 372, 572),
(173, 173, 173, 373, 0, 573),
(174, 174, 174, 0, 374, 574),
(175, 175, 175, 375, 0, 575),
(176, 176, 176, 0, 376, 576),
(177, 177, 177, 377, 0, 577),
(178, 178, 178, 0, 378, 578),
(179, 179, 179, 379, 0, 579),
(180, 180, 180, 0, 380, 580),
(181, 181, 181, 381, 0, 581),
(182, 182, 182, 0, 382, 582),
(183, 183, 183, 383, 0, 583),
(184, 184, 184, 0, 384, 584),
(185, 185, 185, 385, 0, 585),
(186, 186, 186, 0, 386, 586),
(187, 187, 187, 387, 0, 587),
(188, 188, 188, 0, 388, 588),
(189, 189, 189, 389, 0, 589),
(190, 190, 190, 0, 390, 590),
(191, 191, 191, 391, 0, 591),
(192, 192, 192, 0, 392, 592),
(193, 193, 193, 393, 0, 593),
(194, 194, 194, 0, 394, 594),
(195, 195, 195, 395, 0, 595),
(196, 196, 196, 0, 396, 596),
(197, 197, 197, 397, 0, 597),
(198, 198, 198, 0, 398, 598),
(199, 199, 199, 399, 0, 599),
(200, 200, 200, 0, 400, 600);

-- --------------------------------------------------------

--
-- Table structure for table `location`
--

CREATE TABLE `location` (
  `locat_id` int(11) NOT NULL,
  `locat_name_th` varchar(100) NOT NULL,
  `locat_name_eng` varchar(100) NOT NULL,
  `lot_id` int(11) NOT NULL
) ENGINE=InnoDB DEFAULT CHARSET=utf8 COLLATE=utf8_general_ci;

--
-- Dumping data for table `location`
--

INSERT INTO `location` (`locat_id`, `locat_name_th`, `locat_name_eng`, `lot_id`) VALUES
(1, 'กรุงเทพฯ', 'Bangkok', 1),
(2, 'ขอนแก่น', 'Khon Kaen', 1),
(3, 'น่าน', 'Nan', 1),
(4, 'เชียงราย', 'Chiang Rai', 1),
(5, 'เชียงใหม่', 'Chiang Mai', 1),
(6, 'ลำปาง', 'Lampang', 1),
(7, 'แพร่', 'Phrae', 1),
(8, 'อุตรดิตถ์', 'Uttaradit', 1),
(9, 'อุบลราชธานี', 'Ubon Ratchathani', 1),
(10, 'อ.เดชอุดม', 'Det Udom', 1),
(11, 'ศรีสะเกษ', 'Si Sa Ket', 1),
(12, 'สุรินทร์', 'Surin', 1),
(13, 'นางรอง,บุรีรัมย์', 'Nang Rong', 1),
(14, 'หนองคาย', 'Nong Khai', 1),
(15, 'อุดรธานี', 'Udon Thani', 1),
(16, 'มหาสารคาม', 'Maha Sarakham', 1),
(17, 'หนองบัวลำภู', 'Nong Bua Lamphu', 1),
(18, 'นครพนม', 'Nakhon Phanom', 1),
(19, 'อ.ธาตุพนม', 'That Phanom', 1),
(20, 'อ.ศรีสงคราม', 'Si Songkhram', 1),
(21, 'สกลนคร', 'Sakon Nakhon', 1),
(22, 'กาฬสินธุ์', 'Kalasin', 1),
(23, 'อ.คำม่วง', 'Kham Muang', 1),
(24, 'มุกดาหาร', 'Mukdahan', 1),
(25, 'ร้อยเอ็ด', 'Roi Et', 1),
(26, 'อำนาจเจริญ', 'Amnat Charoen', 1),
(27, 'สนม', 'Sanom', 1),
(28, 'อ.เขมราฐ', 'Khemarat', 1),
(29, 'จักราช,บุรีรัมย์', 'Chakkarat', 1),
(30, 'ยโสธร', 'Yasothon', 1),
(31, 'บ้านแพง', 'Ban Phaeng', 1),
(32, 'อ.บุณฑริก', 'Buntharik', 1),
(33, 'อ.ราษีไศล', 'Rasi Salai', 1),
(34, 'ระยอง', 'Rayong', 1),
(35, 'อ.แม่สาย', 'Mae Sai', 1),
(36, 'พิษณุโลก', 'Phitsanulok', 1);

-- --------------------------------------------------------

--
-- Table structure for table `plan_type`
--

CREATE TABLE `plan_type` (
  `pt_id` int(11) NOT NULL,
  `pt_name_th` varchar(50) NOT NULL,
  `pt_name_en` varchar(50) NOT NULL
) ENGINE=InnoDB DEFAULT CHARSET=utf8 COLLATE=utf8_general_ci;

--
-- Dumping data for table `plan_type`
--

INSERT INTO `plan_type` (`pt_id`, `pt_name_th`, `pt_name_en`) VALUES
(1, 'ไป', ''),
(2, 'กลับ', '');

-- --------------------------------------------------------

--
-- Table structure for table `title_name`
--

CREATE TABLE `title_name` (
  `title_id` int(11) NOT NULL,
  `title_name` varchar(30) NOT NULL
) ENGINE=InnoDB DEFAULT CHARSET=utf8 COLLATE=utf8_general_ci;

--
-- Dumping data for table `title_name`
--

INSERT INTO `title_name` (`title_id`, `title_name`) VALUES
(1, 'นาย'),
(2, 'นางสาว'),
(3, 'นาง');

--
-- Indexes for dumped tables
--

--
-- Indexes for table `bus_info`
--
ALTER TABLE `bus_info`
  ADD PRIMARY KEY (`bi_id`);

--
-- Indexes for table `bus_plan`
--
ALTER TABLE `bus_plan`
  ADD PRIMARY KEY (`bp_id`);

--
-- Indexes for table `bus_routes`
--
ALTER TABLE `bus_routes`
  ADD PRIMARY KEY (`br_id`);

--
-- Indexes for table `bus_status`
--
ALTER TABLE `bus_status`
  ADD PRIMARY KEY (`bs_id`);

--
-- Indexes for table `bus_sub_class`
--
ALTER TABLE `bus_sub_class`
  ADD PRIMARY KEY (`bsc_id`);

--
-- Indexes for table `bus_type`
--
ALTER TABLE `bus_type`
  ADD PRIMARY KEY (`bt_id`);

--
-- Indexes for table `bus_zone`
--
ALTER TABLE `bus_zone`
  ADD PRIMARY KEY (`bz_id`);

--
-- Indexes for table `driver_status`
--
ALTER TABLE `driver_status`
  ADD PRIMARY KEY (`ds_id`);

--
-- Indexes for table `dri_plan_t`
--
ALTER TABLE `dri_plan_t`
  ADD PRIMARY KEY (`dpt_id`);

--
-- Indexes for table `employee`
--
ALTER TABLE `employee`
  ADD PRIMARY KEY (`em_id`);

--
-- Indexes for table `emp_status`
--
ALTER TABLE `emp_status`
  ADD PRIMARY KEY (`es_id`);

--
-- Indexes for table `emp_type`
--
ALTER TABLE `emp_type`
  ADD PRIMARY KEY (`empt_id`);

--
-- Indexes for table `gender`
--
ALTER TABLE `gender`
  ADD PRIMARY KEY (`gen_id`);

--
-- Indexes for table `group`
--
ALTER TABLE `group`
  ADD PRIMARY KEY (`group_id`);

--
-- Indexes for table `location`
--
ALTER TABLE `location`
  ADD PRIMARY KEY (`locat_id`);

--
-- Indexes for table `plan_type`
--
ALTER TABLE `plan_type`
  ADD PRIMARY KEY (`pt_id`);

--
-- Indexes for table `title_name`
--
ALTER TABLE `title_name`
  ADD PRIMARY KEY (`title_id`);

--
-- AUTO_INCREMENT for dumped tables
--

--
-- AUTO_INCREMENT for table `bus_info`
--
ALTER TABLE `bus_info`
  MODIFY `bi_id` int(11) NOT NULL AUTO_INCREMENT, AUTO_INCREMENT=201;

--
-- AUTO_INCREMENT for table `bus_plan`
--
ALTER TABLE `bus_plan`
  MODIFY `bp_id` int(11) NOT NULL AUTO_INCREMENT;

--
-- AUTO_INCREMENT for table `bus_routes`
--
ALTER TABLE `bus_routes`
  MODIFY `br_id` int(11) NOT NULL AUTO_INCREMENT, AUTO_INCREMENT=52;

--
-- AUTO_INCREMENT for table `bus_status`
--
ALTER TABLE `bus_status`
  MODIFY `bs_id` int(11) NOT NULL AUTO_INCREMENT, AUTO_INCREMENT=9;

--
-- AUTO_INCREMENT for table `bus_sub_class`
--
ALTER TABLE `bus_sub_class`
  MODIFY `bsc_id` int(11) NOT NULL AUTO_INCREMENT, AUTO_INCREMENT=6;

--
-- AUTO_INCREMENT for table `bus_type`
--
ALTER TABLE `bus_type`
  MODIFY `bt_id` int(11) NOT NULL AUTO_INCREMENT, AUTO_INCREMENT=7;

--
-- AUTO_INCREMENT for table `bus_zone`
--
ALTER TABLE `bus_zone`
  MODIFY `bz_id` int(11) NOT NULL AUTO_INCREMENT, AUTO_INCREMENT=4;

--
-- AUTO_INCREMENT for table `driver_status`
--
ALTER TABLE `driver_status`
  MODIFY `ds_id` int(11) NOT NULL AUTO_INCREMENT, AUTO_INCREMENT=4;

--
-- AUTO_INCREMENT for table `dri_plan_t`
--
ALTER TABLE `dri_plan_t`
  MODIFY `dpt_id` int(11) NOT NULL AUTO_INCREMENT, AUTO_INCREMENT=401;

--
-- AUTO_INCREMENT for table `employee`
--
ALTER TABLE `employee`
  MODIFY `em_id` int(11) NOT NULL AUTO_INCREMENT, AUTO_INCREMENT=601;

--
-- AUTO_INCREMENT for table `emp_status`
--
ALTER TABLE `emp_status`
  MODIFY `es_id` int(11) NOT NULL AUTO_INCREMENT, AUTO_INCREMENT=3;

--
-- AUTO_INCREMENT for table `emp_type`
--
ALTER TABLE `emp_type`
  MODIFY `empt_id` int(11) NOT NULL AUTO_INCREMENT, AUTO_INCREMENT=4;

--
-- AUTO_INCREMENT for table `gender`
--
ALTER TABLE `gender`
  MODIFY `gen_id` int(11) NOT NULL AUTO_INCREMENT, AUTO_INCREMENT=3;

--
-- AUTO_INCREMENT for table `group`
--
ALTER TABLE `group`
  MODIFY `group_id` int(11) NOT NULL AUTO_INCREMENT, AUTO_INCREMENT=201;

--
-- AUTO_INCREMENT for table `location`
--
ALTER TABLE `location`
  MODIFY `locat_id` int(11) NOT NULL AUTO_INCREMENT, AUTO_INCREMENT=37;

--
-- AUTO_INCREMENT for table `plan_type`
--
ALTER TABLE `plan_type`
  MODIFY `pt_id` int(11) NOT NULL AUTO_INCREMENT, AUTO_INCREMENT=3;

--
-- AUTO_INCREMENT for table `title_name`
--
ALTER TABLE `title_name`
  MODIFY `title_id` int(11) NOT NULL AUTO_INCREMENT, AUTO_INCREMENT=4;
COMMIT;

/*!40101 SET CHARACTER_SET_CLIENT=@OLD_CHARACTER_SET_CLIENT */;
/*!40101 SET CHARACTER_SET_RESULTS=@OLD_CHARACTER_SET_RESULTS */;
/*!40101 SET COLLATION_CONNECTION=@OLD_COLLATION_CONNECTION */;
