-- phpMyAdmin SQL Dump
-- version 5.2.1
-- https://www.phpmyadmin.net/
--
-- Host: 127.0.0.1
-- Generation Time: Aug 11, 2025 at 01:06 PM
-- Server version: 10.4.32-MariaDB
-- PHP Version: 8.2.12

SET SQL_MODE = "NO_AUTO_VALUE_ON_ZERO";
START TRANSACTION;
SET time_zone = "+00:00";


/*!40101 SET @OLD_CHARACTER_SET_CLIENT=@@CHARACTER_SET_CLIENT */;
/*!40101 SET @OLD_CHARACTER_SET_RESULTS=@@CHARACTER_SET_RESULTS */;
/*!40101 SET @OLD_COLLATION_CONNECTION=@@COLLATION_CONNECTION */;
/*!40101 SET NAMES utf8mb4 */;

--
-- Database: `nca_mange_plan`
--

-- --------------------------------------------------------

--
-- Table structure for table `break_point`
--

CREATE TABLE `break_point` (
  `brkp_id` int(11) NOT NULL,
  `brkp_name` varchar(255) NOT NULL
) ENGINE=InnoDB DEFAULT CHARSET=utf8 COLLATE=utf8_general_ci;

--
-- Dumping data for table `break_point`
--

INSERT INTO `break_point` (`brkp_id`, `brkp_name`) VALUES
(1, 'จุดรับส่ง 1'),
(2, 'จุดรับส่ง 2'),
(3, 'จุดรับส่ง 3'),
(4, 'จุดรับส่ง 4'),
(5, 'จุดรับส่ง 5'),
(6, 'จุดรับส่ง 6'),
(7, 'จุดรับส่ง 7'),
(8, 'จุดรับส่ง 8'),
(9, 'จุดรับส่ง 9'),
(10, 'จุดรับส่ง 10'),
(11, 'จุดรับส่ง 11'),
(12, 'จุดรับส่ง 12'),
(13, 'จุดรับส่ง 13'),
(14, 'จุดรับส่ง 14'),
(15, 'จุดรับส่ง 15'),
(16, 'จุดรับส่ง 16'),
(17, 'จุดรับส่ง 17'),
(18, 'จุดรับส่ง 18'),
(19, 'จุดรับส่ง 19'),
(20, 'จุดรับส่ง 20'),
(21, 'จุดรับส่ง 21'),
(22, 'จุดรับส่ง 22'),
(23, 'จุดรับส่ง 23'),
(24, 'จุดรับส่ง 24'),
(25, 'จุดรับส่ง 25'),
(26, 'จุดรับส่ง 26'),
(27, 'จุดรับส่ง 27'),
(28, 'จุดรับส่ง 28'),
(29, 'จุดรับส่ง 29'),
(30, 'จุดรับส่ง 30');

-- --------------------------------------------------------

--
-- Table structure for table `brk_in_route`
--

CREATE TABLE `brk_in_route` (
  `bir_id` int(11) NOT NULL,
  `br_id` int(11) NOT NULL,
  `bir_time` int(11) NOT NULL,
  `brkp_id` int(11) NOT NULL,
  `bir_status` int(11) NOT NULL,
  `bir_type` int(11) NOT NULL
) ENGINE=InnoDB DEFAULT CHARSET=utf8 COLLATE=utf8_general_ci;

--
-- Dumping data for table `brk_in_route`
--

INSERT INTO `brk_in_route` (`bir_id`, `br_id`, `bir_time`, `brkp_id`, `bir_status`, `bir_type`) VALUES
(1, 1, 21, 1, 1, 2),
(2, 1, 33, 2, 2, 1),
(3, 1, 41, 3, 1, 2),
(4, 1, 15, 4, 2, 1),
(5, 1, 28, 5, 2, 1),
(6, 1, 19, 6, 2, 1),
(7, 1, 48, 7, 1, 2),
(8, 1, 55, 8, 2, 1),
(9, 1, 38, 9, 2, 1),
(10, 1, 17, 10, 1, 2),
(11, 2, 19, 10, 1, 2),
(12, 2, 35, 9, 2, 1),
(13, 2, 41, 8, 2, 1),
(14, 2, 59, 7, 1, 2),
(15, 2, 28, 6, 2, 1),
(16, 2, 19, 5, 2, 1),
(17, 2, 32, 4, 2, 1),
(18, 2, 55, 3, 1, 2),
(19, 2, 38, 2, 1, 1),
(20, 2, 17, 1, 1, 2),
(21, 3, 46, 11, 1, 2),
(22, 3, 51, 12, 1, 1),
(23, 3, 25, 13, 1, 2),
(24, 3, 39, 14, 2, 1),
(25, 3, 20, 15, 2, 1),
(26, 3, 56, 16, 2, 1),
(27, 3, 42, 17, 1, 2),
(28, 3, 12, 18, 2, 1),
(29, 3, 53, 19, 1, 1),
(30, 3, 16, 20, 1, 2),
(31, 4, 46, 20, 1, 1),
(32, 4, 51, 19, 1, 2),
(33, 4, 25, 18, 2, 1),
(34, 4, 39, 17, 1, 2),
(35, 4, 41, 16, 2, 1),
(36, 4, 56, 15, 2, 1),
(37, 4, 42, 14, 2, 1),
(38, 4, 29, 13, 1, 2),
(39, 4, 53, 12, 1, 1),
(40, 4, 16, 11, 1, 2);

-- --------------------------------------------------------

--
-- Table structure for table `bus_group`
--

CREATE TABLE `bus_group` (
  `gb_id` int(11) NOT NULL,
  `bi_id` int(11) NOT NULL,
  `main_dri` int(11) NOT NULL,
  `ex_1` int(11) NOT NULL,
  `ex_2` int(11) NOT NULL,
  `coach` int(11) NOT NULL
) ENGINE=InnoDB DEFAULT CHARSET=utf8 COLLATE=utf8_general_ci;

--
-- Dumping data for table `bus_group`
--

INSERT INTO `bus_group` (`gb_id`, `bi_id`, `main_dri`, `ex_1`, `ex_2`, `coach`) VALUES
(1, 12, 37, 13, 0, 21),
(2, 1, 1, 15, 0, 9),
(3, 2, 2, 11, 0, 10),
(4, 7, 7, 16, 0, 20),
(5, 8, 8, 12, 0, 56),
(6, 5, 5, 48, 0, 59),
(7, 3, 3, 14, 0, 18),
(8, 4, 4, 0, 0, 19),
(9, 15, 40, 53, 0, 63),
(10, 16, 41, 55, 0, 65),
(11, 14, 39, 50, 0, 60),
(12, 18, 43, 66, 0, 68),
(13, 19, 44, 67, 0, 69),
(14, 20, 45, 54, 0, 64),
(15, 9, 34, 48, 0, 59),
(16, 10, 35, 17, 0, 18),
(17, 11, 36, 14, 0, 19),
(18, 7, 7, 13, 0, 21),
(19, 8, 8, 15, 0, 9),
(20, 6, 6, 46, 0, 10),
(21, 19, 44, 66, 0, 68),
(22, 20, 45, 67, 0, 69),
(23, 13, 38, 54, 0, 64),
(24, 16, 41, 53, 0, 63),
(25, 14, 39, 55, 0, 65),
(26, 17, 42, 50, 0, 60);

-- --------------------------------------------------------

--
-- Table structure for table `bus_info`
--

CREATE TABLE `bus_info` (
  `bi_id` int(11) NOT NULL,
  `bi_licen` varchar(10) NOT NULL,
  `br_id` int(11) NOT NULL,
  `bt_id` int(11) NOT NULL
) ENGINE=InnoDB DEFAULT CHARSET=utf8 COLLATE=utf8_unicode_ci;

--
-- Dumping data for table `bus_info`
--

INSERT INTO `bus_info` (`bi_id`, `bi_licen`, `br_id`, `bt_id`) VALUES
(1, '11-1234', 1, 2),
(2, '12-1234', 1, 2),
(3, '13-1234', 1, 2),
(4, '14-1234', 1, 2),
(5, '15-1234', 1, 2),
(6, '16-1234', 1, 2),
(7, '17-1234', 1, 2),
(8, '18-1234', 1, 2),
(9, '22-2115', 2, 2),
(10, '22-2116', 2, 2),
(11, '22-2117', 2, 2),
(12, '22-2118', 2, 2),
(13, '23-2119', 3, 2),
(14, '23-2120', 3, 2),
(15, '23-2121', 3, 2),
(16, '23-2122', 3, 2),
(17, '24-2123', 4, 2),
(18, '24-2124', 4, 2),
(19, '24-2125', 4, 2),
(20, '24-2126', 4, 2);

-- --------------------------------------------------------

--
-- Table structure for table `bus_plan`
--

CREATE TABLE `bus_plan` (
  `bp_id` int(11) NOT NULL,
  `br_id` int(11) NOT NULL,
  `pr_id` int(11) NOT NULL,
  `bp_pr_no` int(11) NOT NULL,
  `bg_id` int(11) NOT NULL,
  `bs_id` int(11) NOT NULL,
  `bp_date` datetime NOT NULL
) ENGINE=InnoDB DEFAULT CHARSET=utf8 COLLATE=utf8_general_ci;

--
-- Dumping data for table `bus_plan`
--

INSERT INTO `bus_plan` (`bp_id`, `br_id`, `pr_id`, `bp_pr_no`, `bg_id`, `bs_id`, `bp_date`) VALUES
(1, 1, 42, 1, 1, 1, '2025-08-11 16:36:05'),
(2, 1, 42, 2, 2, 1, '2025-08-11 16:36:05'),
(3, 1, 42, 3, 3, 1, '2025-08-11 16:36:05'),
(4, 1, 42, 4, 4, 1, '2025-08-11 16:36:05'),
(5, 1, 42, 5, 5, 1, '2025-08-11 16:36:05'),
(6, 2, 43, 1, 6, 1, '2025-08-11 16:36:05'),
(7, 2, 43, 2, 7, 1, '2025-08-11 16:36:05'),
(8, 2, 43, 3, 8, 1, '2025-08-11 16:36:05'),
(9, 3, 44, 1, 9, 1, '2025-08-11 16:36:05'),
(10, 3, 44, 2, 10, 1, '2025-08-11 16:36:05'),
(11, 3, 44, 3, 11, 1, '2025-08-11 16:36:05'),
(12, 4, 45, 1, 12, 1, '2025-08-11 16:36:05'),
(13, 4, 45, 2, 13, 1, '2025-08-11 16:36:05'),
(14, 4, 45, 3, 14, 1, '2025-08-11 16:36:05'),
(15, 1, 46, 1, 15, 1, '2025-08-11 16:37:54'),
(16, 1, 46, 2, 16, 1, '2025-08-11 16:37:54'),
(17, 1, 46, 3, 17, 1, '2025-08-11 16:37:54'),
(18, 2, 47, 1, 18, 1, '2025-08-11 16:37:54'),
(19, 2, 47, 2, 19, 1, '2025-08-11 16:37:54'),
(20, 2, 47, 3, 20, 1, '2025-08-11 16:37:54'),
(21, 3, 48, 1, 21, 1, '2025-08-11 16:37:54'),
(22, 3, 48, 2, 22, 1, '2025-08-11 16:37:54'),
(23, 3, 48, 3, 23, 1, '2025-08-11 16:37:54'),
(24, 4, 49, 1, 24, 1, '2025-08-11 16:37:54'),
(25, 4, 49, 2, 25, 1, '2025-08-11 16:37:54'),
(26, 4, 49, 3, 26, 1, '2025-08-11 16:37:54');

-- --------------------------------------------------------

--
-- Table structure for table `bus_routes`
--

CREATE TABLE `bus_routes` (
  `br_id` int(11) NOT NULL,
  `br_start` int(11) NOT NULL,
  `br_end` int(11) NOT NULL,
  `bz_id` int(11) NOT NULL,
  `rt_id` int(11) NOT NULL
) ENGINE=InnoDB DEFAULT CHARSET=utf8 COLLATE=utf8_general_ci;

--
-- Dumping data for table `bus_routes`
--

INSERT INTO `bus_routes` (`br_id`, `br_start`, `br_end`, `bz_id`, `rt_id`) VALUES
(1, 1, 2, 1, 1),
(2, 2, 1, 1, 2),
(3, 1, 9, 1, 1),
(4, 9, 1, 1, 2),
(5, 1, 10, 1, 1),
(6, 10, 1, 1, 2),
(7, 1, 11, 1, 1),
(8, 11, 1, 1, 2),
(9, 1, 12, 1, 1),
(10, 12, 1, 1, 2),
(11, 1, 13, 1, 1),
(12, 13, 1, 1, 2),
(13, 1, 14, 1, 1),
(14, 14, 1, 1, 2),
(15, 1, 15, 1, 1),
(16, 15, 1, 1, 2),
(17, 1, 16, 1, 1),
(18, 16, 1, 1, 2),
(19, 1, 17, 1, 1),
(20, 17, 1, 1, 2),
(21, 1, 18, 1, 1),
(22, 18, 1, 1, 2),
(23, 1, 19, 1, 1),
(24, 19, 1, 1, 2),
(25, 1, 20, 1, 1),
(26, 20, 1, 1, 2),
(27, 1, 21, 1, 1),
(28, 21, 1, 1, 2),
(29, 1, 22, 1, 1),
(30, 22, 1, 1, 2),
(31, 1, 23, 1, 1),
(32, 23, 1, 1, 2),
(33, 1, 24, 1, 1),
(34, 24, 1, 1, 2),
(35, 1, 25, 1, 1),
(36, 25, 1, 1, 2),
(37, 1, 26, 1, 1),
(38, 26, 1, 1, 2),
(39, 1, 27, 1, 1),
(40, 27, 1, 1, 2),
(41, 1, 28, 1, 1),
(42, 28, 1, 1, 2),
(43, 1, 29, 1, 1),
(44, 29, 1, 1, 2),
(45, 1, 30, 1, 1),
(46, 30, 1, 1, 2),
(47, 1, 31, 1, 1),
(48, 31, 1, 1, 2),
(49, 1, 32, 1, 1),
(50, 32, 1, 1, 2),
(51, 1, 33, 1, 1),
(52, 33, 1, 1, 2),
(53, 1, 3, 2, 1),
(54, 3, 1, 2, 2),
(55, 1, 4, 2, 1),
(56, 4, 1, 2, 2),
(57, 1, 5, 2, 1),
(58, 5, 1, 2, 2),
(59, 1, 6, 2, 1),
(60, 6, 1, 2, 2),
(61, 1, 7, 2, 1),
(62, 7, 1, 2, 2),
(63, 1, 8, 2, 1),
(64, 8, 1, 2, 2),
(65, 9, 5, 3, 1),
(66, 5, 9, 3, 2),
(67, 9, 4, 3, 1),
(68, 4, 9, 3, 2),
(69, 9, 34, 3, 1),
(70, 34, 9, 3, 2),
(71, 12, 34, 3, 1),
(72, 34, 12, 3, 2),
(73, 34, 5, 3, 1),
(74, 5, 34, 3, 2),
(75, 35, 34, 3, 1),
(76, 34, 35, 3, 2),
(77, 3, 34, 3, 1),
(78, 34, 3, 3, 2),
(79, 11, 34, 3, 1),
(80, 34, 11, 3, 2),
(81, 4, 34, 3, 1),
(82, 34, 4, 3, 2),
(83, 8, 34, 3, 1),
(84, 34, 8, 3, 2),
(85, 9, 3, 3, 1),
(86, 3, 9, 3, 2),
(87, 13, 34, 3, 1),
(88, 34, 13, 3, 2),
(89, 12, 5, 3, 1),
(90, 5, 12, 3, 2),
(91, 36, 34, 3, 1),
(92, 34, 36, 3, 2),
(93, 2, 34, 3, 1),
(94, 34, 2, 3, 2),
(95, 15, 34, 3, 1),
(96, 34, 15, 3, 2),
(97, 22, 34, 3, 1),
(98, 34, 22, 3, 2),
(99, 21, 34, 3, 1),
(100, 34, 21, 3, 2),
(101, 18, 34, 3, 1),
(102, 34, 18, 3, 2);

-- --------------------------------------------------------

--
-- Table structure for table `bus_zone`
--

CREATE TABLE `bus_zone` (
  `bz_id` int(11) NOT NULL,
  `bz_name_th` varchar(255) NOT NULL,
  `bz_name_en` varchar(255) NOT NULL
) ENGINE=InnoDB DEFAULT CHARSET=utf8 COLLATE=utf8_general_ci;

--
-- Dumping data for table `bus_zone`
--

INSERT INTO `bus_zone` (`bz_id`, `bz_name_th`, `bz_name_en`) VALUES
(1, 'ภาคตะวันออกเฉียงเหนือ (อีสาน)', 'Northeastern'),
(2, 'ภาคเหนือ', 'Northern'),
(3, 'ต่างจังหวัด', 'Cross-regional');

-- --------------------------------------------------------

--
-- Table structure for table `employee`
--

CREATE TABLE `employee` (
  `em_id` int(11) NOT NULL,
  `title_id` int(11) NOT NULL,
  `em_name` varchar(255) NOT NULL,
  `em_surname` varchar(255) NOT NULL,
  `gen_id` int(11) NOT NULL,
  `main_car` int(11) NOT NULL,
  `main_route` int(11) NOT NULL,
  `et_id` int(11) NOT NULL,
  `em_queue` varchar(10) NOT NULL,
  `em_timeOut` datetime DEFAULT NULL,
  `es_id` int(11) NOT NULL
) ENGINE=InnoDB DEFAULT CHARSET=utf8 COLLATE=utf8_general_ci;

--
-- Dumping data for table `employee`
--

INSERT INTO `employee` (`em_id`, `title_id`, `em_name`, `em_surname`, `gen_id`, `main_car`, `main_route`, `et_id`, `em_queue`, `em_timeOut`, `es_id`) VALUES
(1, 1, 'สมศักดิ์', 'ใจดี', 1, 1, 1, 1, '1-3-1', '2025-07-30 20:45:00', 1),
(2, 1, 'วีระ', 'มีสุข', 1, 2, 1, 1, '1-3-2', '2025-07-29 14:47:00', 1),
(3, 2, 'สุดา', 'รักไทย', 2, 3, 1, 1, '1-1-2', '2025-07-29 14:48:00', 1),
(4, 1, 'มานะ', 'กล้าหาญ', 1, 4, 1, 1, '1-1-3', '2025-07-29 14:50:00', 1),
(5, 3, 'ดวงใจ', 'เมตตา', 2, 5, 1, 1, '1-1-1', '2025-07-30 14:50:37', 1),
(6, 1, 'ประเสริฐ', 'ยิ่งยง', 1, 6, 1, 1, '1-3-last', '2025-07-30 14:51:30', 1),
(7, 3, 'อรุณี', 'แสงทอง', 2, 7, 1, 1, '1-3-3', '2025-07-30 14:51:00', 1),
(8, 1, 'ชัยวัฒน์', 'สุขสบาย', 1, 8, 1, 1, '1-3-4', '2025-07-30 14:51:22', 1),
(9, 2, 'เพ็ญศรี', 'รัศมี', 2, 0, 1, 3, '1', '2025-07-30 14:52:47', 1),
(10, 1, 'กำพล', 'พร้อมพงษ์', 1, 0, 1, 3, '1', '2025-07-30 14:53:00', 1),
(11, 3, 'สายชล', 'ธารา', 2, 0, 1, 2, '3', '2025-07-30 14:54:23', 1),
(12, 1, 'ทรงชัย', 'บารมี', 1, 0, 1, 2, '3', '2025-07-30 14:55:04', 1),
(13, 2, 'นงนุช', 'พฤกษา', 2, 0, 1, 2, '3', '2025-07-29 14:53:29', 1),
(14, 1, 'เดชา', 'ชาญชัย', 1, 0, 1, 2, '3', '2025-07-30 14:54:09', 1),
(15, 3, 'ปาริฉัตร', 'งามดี', 2, 0, 1, 2, '3', '2025-07-30 14:53:37', 1),
(16, 1, 'ทนงศักดิ์', 'พงษ์ไทย', 1, 0, 1, 2, '3', '2025-07-30 14:54:41', 1),
(17, 2, 'รัชนี', 'ดารา', 2, 0, 1, 2, '7', '2025-07-30 14:53:55', 1),
(18, 2, 'กานดา', 'ไพเราะ', 2, 0, 1, 3, '1', '2025-07-30 14:53:48', 1),
(19, 1, 'ศักดา', 'มั่นคง', 1, 0, 1, 3, '1', '2025-07-30 14:54:30', 1),
(20, 1, 'บุญมี', 'ลาภผล', 1, 0, 1, 3, '1', '2025-07-30 14:55:01', 1),
(21, 3, 'อัจฉรา', 'ฉลาด', 2, 0, 1, 3, '1', '2025-07-29 14:54:49', 1),
(34, 1, 'สายฟ้า', 'ทองดี', 1, 9, 1, 1, '2-3-1', '2025-07-30 16:11:19', 1),
(35, 2, 'อรุณ', 'มณี', 2, 10, 1, 1, '2-3-2', '2025-07-30 16:01:58', 1),
(36, 3, 'ประทีป', 'ศิริ', 1, 11, 1, 1, '2-3-last', '2025-07-30 15:46:26', 1),
(37, 1, 'รุ่ง', 'จิตร', 2, 12, 1, 1, '2-1-1', '2025-07-30 16:39:58', 1),
(38, 2, 'สุมาลี', 'บุญมาก', 2, 13, 3, 1, '3-3-1', '2025-07-29 17:42:27', 1),
(39, 3, 'พนม', 'ชูชาติ', 1, 14, 3, 1, '3-1-1', '2025-07-30 15:51:37', 1),
(40, 1, 'สมหมาย', 'สายใจ', 1, 15, 3, 1, '3-3-1', '2025-07-30 15:40:15', 1),
(41, 2, 'สุนี', 'ใจดี', 2, 16, 3, 1, '3-3-2', '2025-07-29 17:42:31', 1),
(42, 3, 'สุชาติ', 'มานะ', 1, 17, 3, 1, '4-3-1', '2025-07-30 16:42:09', 1),
(43, 1, 'ศิริพร', 'เพียรดี', 2, 18, 3, 1, '4-3-2', '2025-07-30 15:51:06', 1),
(44, 2, 'เจริญ', 'เอื้อเฟื้อ', 1, 19, 3, 1, '4-3-last', '2025-07-30 15:40:46', 1),
(45, 3, 'ผ่องศรี', 'วิชัย', 2, 20, 3, 1, '4-1-1', '2025-07-29 17:42:34', 1),
(46, 1, 'จิราพร', 'วิเศษ', 2, 0, 1, 2, '7', '2025-07-30 15:42:59', 1),
(47, 2, 'มานพ', 'เลิศ', 1, 0, 1, 2, '7', '2025-07-30 15:58:15', 1),
(48, 3, 'ปริญญา', 'เบิกบาน', 1, 0, 1, 2, '7', '2025-07-29 17:46:05', 1),
(49, 1, 'ชลธิชา', 'เพ็ญ', 2, 0, 1, 2, '7', '2025-07-30 15:23:43', 1),
(50, 2, 'สุนันทา', 'นามดี', 2, 0, 3, 2, '13', '2025-07-30 15:32:50', 1),
(51, 3, 'วิทยา', 'รุ่งเรือง', 1, 0, 3, 2, '13', '2025-07-30 15:53:53', 1),
(52, 1, 'อารี', 'มั่นคง', 1, 0, 3, 2, '13', '2025-07-30 16:24:01', 1),
(53, 2, 'บรรเจิด', 'ก้องเกียรติ', 1, 0, 3, 2, '13', '2025-07-29 17:46:01', 1),
(54, 3, 'จันทร์เพ็ญ', 'วรางค์', 2, 0, 3, 2, '17', '2025-07-30 14:55:40', 1),
(55, 1, 'ณัฐ', 'เสริมสุข', 1, 0, 3, 2, '17', '2025-07-30 14:58:55', 1),
(56, 1, 'สุนทร', 'กิติ', 1, 0, 1, 3, '10', '2025-07-30 15:34:22', 1),
(57, 2, 'พชร', 'จันทรา', 2, 0, 1, 3, '10', '2025-07-30 15:54:32', 1),
(58, 3, 'อารีย์', 'บุญมาก', 2, 0, 1, 3, '10', '2025-07-30 16:24:42', 1),
(59, 1, 'วิชัย', 'เกียรติคุณ', 1, 0, 1, 3, '10', '2025-07-29 17:45:58', 1),
(60, 2, 'สายพิณ', 'สวัสดี', 2, 0, 3, 3, '11', '2025-07-30 15:32:41', 1),
(61, 3, 'สุพัตรา', 'เรืองศรี', 1, 0, 3, 3, '11', '2025-07-30 15:45:21', 1),
(62, 1, 'จันทร์', 'สามัคคี', 2, 0, 3, 3, '11', '2025-07-30 16:15:27', 1),
(63, 2, 'ประเสริฐ', 'วัฒนกิจ', 1, 0, 3, 3, '11', '2025-07-29 17:45:55', 1),
(64, 3, 'สายใจ', 'สมบูรณ์', 2, 0, 3, 3, '20', '2025-07-30 14:33:14', 1),
(65, 1, 'อุษา', 'แสงทอง', 2, 0, 3, 3, '20', '2025-07-30 14:58:54', 1),
(66, 2, 'พิมพ์', 'เรืองเดช', 2, 0, 3, 2, '17', '2025-07-29 14:45:33', 1),
(67, 3, 'อภิชาติ', 'เพชรดี', 1, 0, 3, 2, '17', '2025-07-30 14:40:51', 1),
(68, 2, 'อภิญญา', 'รัตนชัย', 2, 0, 3, 3, '20', '2025-07-29 14:55:02', 1),
(69, 3, 'เกรียงไกร', 'พูนผล', 1, 0, 3, 3, '20', '2025-07-30 14:30:04', 1);

-- --------------------------------------------------------

--
-- Table structure for table `emp_history`
--

CREATE TABLE `emp_history` (
  `eh_id` int(11) NOT NULL,
  `em_id` int(11) NOT NULL,
  `eh_his` varchar(10) NOT NULL
) ENGINE=InnoDB DEFAULT CHARSET=utf8 COLLATE=utf8_general_ci;

--
-- Dumping data for table `emp_history`
--

INSERT INTO `emp_history` (`eh_id`, `em_id`, `eh_his`) VALUES
(1, 5, '1-3-1'),
(2, 13, '7'),
(3, 21, '10'),
(4, 3, '1-3-2'),
(5, 15, '7'),
(6, 9, '10'),
(7, 4, '1-3-last'),
(8, 11, '7'),
(9, 10, '10'),
(10, 37, '2-3-1'),
(11, 48, '3'),
(12, 59, '1'),
(13, 1, '2-3-2'),
(14, 17, '3'),
(15, 56, '1'),
(16, 2, '2-3-last'),
(17, 49, '3'),
(18, 57, '1'),
(19, 39, '3-3-1'),
(20, 53, '17'),
(21, 63, '20'),
(22, 42, '3-3-2'),
(23, 50, '17'),
(24, 60, '20'),
(25, 43, '3-3-last'),
(26, 51, '17'),
(27, 61, '20'),
(28, 45, '4-3-1'),
(29, 66, '13'),
(30, 68, '11'),
(31, 38, '4-3-2'),
(32, 67, '13'),
(33, 69, '11'),
(34, 40, '4-3-last'),
(35, 54, '13'),
(36, 64, '11'),
(37, 34, '1-1-1'),
(38, 35, '1-1-2'),
(39, 36, '1-1-3'),
(40, 7, '2-1-1'),
(41, 8, '2-1-2'),
(42, 6, '2-1-3'),
(43, 44, '3-1-1'),
(44, 41, '4-1-1'),
(45, 14, '3'),
(46, 16, '3'),
(47, 12, '3'),
(48, 46, '3'),
(49, 47, '3'),
(50, 11, '3'),
(51, 16, '3'),
(52, 12, '3'),
(53, 46, '7'),
(54, 47, '7'),
(55, 55, '17'),
(56, 52, '13'),
(57, 55, '17'),
(58, 52, '13'),
(59, 18, '1'),
(60, 19, '1'),
(61, 20, '1'),
(62, 58, '10'),
(63, 65, '20'),
(64, 62, '11'),
(65, 34, '1-3-1'),
(66, 48, '7'),
(67, 59, '10'),
(68, 35, '1-3-2'),
(69, 17, '7'),
(70, 18, '10'),
(71, 36, '1-3-last'),
(72, 14, '7'),
(73, 19, '10'),
(74, 7, '2-3-1'),
(75, 13, '3'),
(76, 21, '1'),
(77, 8, '2-3-2'),
(78, 15, '3'),
(79, 9, '1'),
(80, 6, '2-3-last'),
(81, 46, '3'),
(82, 10, '1'),
(83, 44, '3-3-1'),
(84, 66, '17'),
(85, 68, '20'),
(86, 45, '3-3-2'),
(87, 67, '17'),
(88, 69, '20'),
(89, 38, '3-3-last'),
(90, 54, '17'),
(91, 64, '20'),
(92, 41, '4-3-1'),
(93, 53, '13'),
(94, 63, '11'),
(95, 39, '4-3-2'),
(96, 55, '13'),
(97, 65, '11'),
(98, 42, '4-3-last'),
(99, 50, '13'),
(100, 60, '11'),
(101, 37, '1-1-1'),
(102, 1, '1-1-2'),
(103, 2, '1-1-3'),
(104, 5, '2-1-1'),
(105, 3, '2-1-2'),
(106, 4, '2-1-3'),
(107, 40, '3-1-1'),
(108, 43, '4-1-1'),
(109, 47, '7'),
(110, 11, '3'),
(111, 16, '3'),
(112, 12, '3'),
(113, 49, '3'),
(114, 47, '7'),
(115, 11, '3'),
(116, 16, '3'),
(117, 12, '3'),
(118, 49, '3'),
(119, 52, '13'),
(120, 51, '17'),
(121, 52, '13'),
(122, 51, '17'),
(123, 58, '10'),
(124, 20, '1'),
(125, 56, '1'),
(126, 57, '1'),
(127, 62, '11'),
(128, 61, '20'),
(129, 37, '1-3-1'),
(130, 13, '7'),
(131, 21, '10'),
(132, 1, '1-3-2'),
(133, 15, '7'),
(134, 9, '10'),
(135, 2, '1-3-3'),
(136, 11, '7'),
(137, 10, '10'),
(138, 7, '1-3-4'),
(139, 16, '7'),
(140, 20, '10'),
(141, 8, '1-3-last'),
(142, 12, '7'),
(143, 56, '10'),
(144, 5, '2-3-1'),
(145, 48, '3'),
(146, 59, '1'),
(147, 3, '2-3-2'),
(148, 14, '3'),
(149, 18, '1'),
(150, 4, '2-3-last'),
(151, 0, '0'),
(152, 19, '1'),
(153, 40, '3-3-1'),
(154, 53, '17'),
(155, 63, '20'),
(156, 41, '3-3-2'),
(157, 55, '17'),
(158, 65, '20'),
(159, 39, '3-3-last'),
(160, 50, '17'),
(161, 60, '20'),
(162, 43, '4-3-1'),
(163, 66, '13'),
(164, 68, '11'),
(165, 44, '4-3-2'),
(166, 67, '13'),
(167, 69, '11'),
(168, 45, '4-3-last'),
(169, 54, '13'),
(170, 64, '11'),
(171, 6, '1-1-1'),
(172, 34, '2-1-1'),
(173, 35, '2-1-2'),
(174, 36, '2-1-3'),
(175, 42, '3-1-1'),
(176, 38, '4-1-1'),
(177, 49, '3'),
(178, 46, '3'),
(179, 49, '3'),
(180, 46, '3'),
(181, 51, '17'),
(182, 52, '13'),
(183, 51, '17'),
(184, 52, '13'),
(185, 57, '1'),
(186, 58, '10'),
(187, 61, '20'),
(188, 62, '11');

-- --------------------------------------------------------

--
-- Table structure for table `location`
--

CREATE TABLE `location` (
  `locat_id` int(11) NOT NULL,
  `locat_name_th` varchar(100) NOT NULL,
  `locat_name_eng` varchar(100) NOT NULL,
  `lot_id` int(11) NOT NULL
) ENGINE=InnoDB DEFAULT CHARSET=utf8 COLLATE=utf8_general_ci;

--
-- Dumping data for table `location`
--

INSERT INTO `location` (`locat_id`, `locat_name_th`, `locat_name_eng`, `lot_id`) VALUES
(1, 'กรุงเทพฯ', 'Bangkok', 1),
(2, 'ขอนแก่น', 'Khon Kaen', 1),
(3, 'น่าน', 'Nan', 1),
(4, 'เชียงราย', 'Chiang Rai', 1),
(5, 'เชียงใหม่', 'Chiang Mai', 1),
(6, 'ลำปาง', 'Lampang', 1),
(7, 'แพร่', 'Phrae', 1),
(8, 'อุตรดิตถ์', 'Uttaradit', 1),
(9, 'อุบลราชธานี', 'Ubon Ratchathani', 1),
(10, 'อ.เดชอุดม', 'Det Udom', 1),
(11, 'ศรีสะเกษ', 'Si Sa Ket', 1),
(12, 'สุรินทร์', 'Surin', 1),
(13, 'นางรอง,บุรีรัมย์', 'Nang Rong', 1),
(14, 'หนองคาย', 'Nong Khai', 1),
(15, 'อุดรธานี', 'Udon Thani', 1),
(16, 'มหาสารคาม', 'Maha Sarakham', 1),
(17, 'หนองบัวลำภู', 'Nong Bua Lamphu', 1),
(18, 'นครพนม', 'Nakhon Phanom', 1),
(19, 'อ.ธาตุพนม', 'That Phanom', 1),
(20, 'อ.ศรีสงคราม', 'Si Songkhram', 1),
(21, 'สกลนคร', 'Sakon Nakhon', 1),
(22, 'กาฬสินธุ์', 'Kalasin', 1),
(23, 'อ.คำม่วง', 'Kham Muang', 1),
(24, 'มุกดาหาร', 'Mukdahan', 1),
(25, 'ร้อยเอ็ด', 'Roi Et', 1),
(26, 'อำนาจเจริญ', 'Amnat Charoen', 1),
(27, 'สนม', 'Sanom', 1),
(28, 'อ.เขมราฐ', 'Khemarat', 1),
(29, 'จักราช,บุรีรัมย์', 'Chakkarat', 1),
(30, 'ยโสธร', 'Yasothon', 1),
(31, 'บ้านแพง', 'Ban Phaeng', 1),
(32, 'อ.บุณฑริก', 'Buntharik', 1),
(33, 'อ.ราษีไศล', 'Rasi Salai', 1),
(34, 'ระยอง', 'Rayong', 1),
(35, 'อ.แม่สาย', 'Mae Sai', 1),
(36, 'พิษณุโลก', 'Phitsanulok', 1);

-- --------------------------------------------------------

--
-- Table structure for table `plan_request`
--

CREATE TABLE `plan_request` (
  `pr_id` int(11) NOT NULL,
  `pr_name` varchar(255) NOT NULL,
  `br_id` int(11) NOT NULL,
  `pr_date` date NOT NULL,
  `pr_request` longtext CHARACTER SET utf8mb4 COLLATE utf8mb4_bin NOT NULL CHECK (json_valid(`pr_request`)),
  `pr_plus` int(11) NOT NULL,
  `pr_status` int(11) NOT NULL,
  `pr_loc` datetime NOT NULL
) ENGINE=InnoDB DEFAULT CHARSET=utf8 COLLATE=utf8_general_ci;

--
-- Dumping data for table `plan_request`
--

INSERT INTO `plan_request` (`pr_id`, `pr_name`, `br_id`, `pr_date`, `pr_request`, `pr_plus`, `pr_status`, `pr_loc`) VALUES
(1, '', 1, '2025-08-08', '{\"request\":[\"2\",\"2\",\"2\",\"2\",\"2\"],\"reserve\":[],\"time\":[\"09:45:00\",\"10:45\",\"11:45\",\"13:45\",\"15:45\"],\"time_plus\":[\"300\",\"315\",\"315\",\"315\",\"315\"],\"point\":[[1,2,3,5,6,7,8,9,10],[1,2,3,4,5,6,7,8,9,10],[1,2,3,4,5,6,7,8,9,10],[1,2,3,4,5,6,7,8,9,10],[1,2,3,4,5,6,7,8,9,10]],\"ex\":[{\"start1\":\"3\",\"end1\":\"7\",\"start2\":\"\",\"end2\":\"\"},{\"start1\":\"3\",\"end1\":\"7\",\"start2\":\"\",\"end2\":\"\"},{\"start1\":\"3\",\"end1\":\"7\",\"start2\":\"\",\"end2\":\"\"},{\"start1\":\"3\",\"end1\":\"7\",\"start2\":\"\",\"end2\":\"\"},{\"start1\":\"3\",\"end1\":\"7\",\"start2\":\"\",\"end2\":\"\"}]}', 0, 2, '2025-08-06 16:00:26'),
(2, '', 2, '2025-08-08', '{\"request\":[\"2\",\"2\",\"2\"],\"reserve\":[],\"time\":[\"09:45:00\",\"10:45\",\"11:45\"],\"time_plus\":[\"343\",\"343\",\"343\"],\"point\":[[10,9,8,7,6,5,4,3,2,1],[10,9,8,6,5,4,2,1,7,3],[10,9,8,6,5,4,2,1,7,3]],\"ex\":[{\"start1\":\"7\",\"end1\":\"3\",\"start2\":\"\",\"end2\":\"\"},{\"start1\":\"7\",\"end1\":\"3\",\"start2\":\"\",\"end2\":\"\"},{\"start1\":\"7\",\"end1\":\"3\",\"start2\":\"\",\"end2\":\"\"}]}', 0, 2, '2025-08-06 16:00:26'),
(3, '', 3, '2025-08-08', '{\"request\":[\"2\",\"2\",\"2\"],\"reserve\":[],\"time\":[\"09:45\",\"12:45\",\"15:45\"],\"time_plus\":[\"360\",\"360\",\"360\"],\"point\":[[14,15,16,18,19,20,11,12,13,17],[11,12,13,14,15,16,17,18,19,20],[14,15,16,18,19,20,11,12,13,17]],\"ex\":[{\"start1\":\"13\",\"end1\":\"17\",\"start2\":\"\",\"end2\":\"\"},{\"start1\":\"13\",\"end1\":\"17\",\"start2\":\"\",\"end2\":\"\"},{\"start1\":\"13\",\"end1\":\"17\",\"start2\":\"\",\"end2\":\"\"}]}', 0, 2, '2025-08-06 16:00:26'),
(4, '', 4, '2025-08-08', '{\"request\":[\"2\",\"2\",\"2\"],\"reserve\":[],\"time\":[\"10:45\",\"13:30\",\"18:45\"],\"time_plus\":[\"398\",\"398\",\"398\"],\"point\":[[20,19,18,16,15,14,17,13,12,11],[20,19,18,16,15,14,17,13,12,11],[20,19,18,16,15,14,17,13,12,11]],\"ex\":[{\"start1\":\"17\",\"end1\":\"13\",\"start2\":\"\",\"end2\":\"\"},{\"start1\":\"17\",\"end1\":\"13\",\"start2\":\"\",\"end2\":\"\"},{\"start1\":\"17\",\"end1\":\"13\",\"start2\":\"\",\"end2\":\"\"}]}', 0, 2, '2025-08-06 16:00:26'),
(5, '', 1, '2025-08-08', '{\"request\":[\"2\",\"2\",\"2\",\"2\",\"2\"],\"reserve\":[],\"time\":[\"09:45:00\",\"10:45\",\"11:45\",\"13:45\",\"15:45\"],\"time_plus\":[\"300\",\"315\",\"315\",\"315\",\"315\"],\"point\":[[1,2,3,5,6,7,8,9,10],[1,2,3,4,5,6,7,8,9,10],[1,2,3,4,5,6,7,8,9,10],[1,2,3,4,5,6,7,8,9,10],[1,2,3,4,5,6,7,8,9,10]],\"ex\":[{\"start1\":\"3\",\"end1\":\"7\",\"start2\":\"\",\"end2\":\"\"},{\"start1\":\"3\",\"end1\":\"7\",\"start2\":\"\",\"end2\":\"\"},{\"start1\":\"3\",\"end1\":\"7\",\"start2\":\"\",\"end2\":\"\"},{\"start1\":\"3\",\"end1\":\"7\",\"start2\":\"\",\"end2\":\"\"},{\"start1\":\"3\",\"end1\":\"7\",\"start2\":\"\",\"end2\":\"\"}]}', 0, 1, '2025-08-07 09:26:48'),
(6, '', 2, '2025-08-08', '{\"request\":[\"2\",\"2\",\"2\"],\"reserve\":[],\"time\":[\"09:45:00\",\"10:45\",\"11:45\"],\"time_plus\":[\"343\",\"343\",\"343\"],\"point\":[[10,9,8,7,6,5,4,3,2,1],[10,9,8,6,5,4,2,1,7,3],[10,9,8,6,5,4,2,1,7,3]],\"ex\":[{\"start1\":\"7\",\"end1\":\"3\",\"start2\":\"7\",\"end2\":\"3\"},{\"start1\":\"7\",\"end1\":\"3\",\"start2\":\"\",\"end2\":\"\"},{\"start1\":\"7\",\"end1\":\"3\",\"start2\":\"\",\"end2\":\"\"}]}', 0, 2, '2025-08-07 09:26:48'),
(7, '', 3, '2025-08-08', '{\"request\":[\"2\",\"2\",\"2\"],\"reserve\":[],\"time\":[\"09:45\",\"12:45\",\"15:45\"],\"time_plus\":[\"360\",\"360\",\"360\"],\"point\":[[14,15,16,18,19,20,11,12,13,17],[11,12,13,14,15,16,17,18,19,20],[14,15,16,18,19,20,11,12,13,17]],\"ex\":[{\"start1\":\"13\",\"end1\":\"17\",\"start2\":\"\",\"end2\":\"\"},{\"start1\":\"13\",\"end1\":\"17\",\"start2\":\"\",\"end2\":\"\"},{\"start1\":\"13\",\"end1\":\"17\",\"start2\":\"\",\"end2\":\"\"}]}', 0, 1, '2025-08-07 09:26:48'),
(8, '', 4, '2025-08-08', '{\"request\":[\"2\",\"2\",\"2\"],\"reserve\":[],\"time\":[\"10:45\",\"13:30\",\"18:45\"],\"time_plus\":[\"398\",\"398\",\"398\"],\"point\":[[20,19,18,16,15,14,17,13,12,11],[20,19,18,16,15,14,17,13,12,11],[20,19,18,16,15,14,17,13,12,11]],\"ex\":[{\"start1\":\"17\",\"end1\":\"13\",\"start2\":\"\",\"end2\":\"\"},{\"start1\":\"17\",\"end1\":\"13\",\"start2\":\"\",\"end2\":\"\"},{\"start1\":\"17\",\"end1\":\"13\",\"start2\":\"\",\"end2\":\"\"}]}', 0, 1, '2025-08-07 09:26:48'),
(9, '', 2, '2025-08-08', '{\"request\":[\"2\",\"2\",\"2\"],\"reserve\":[],\"time\":[\"09:45:00\",\"10:45\",\"11:45\"],\"time_plus\":[\"343\",\"343\",\"343\"],\"point\":[[10,9,8,7,6,5,4,3,2,1],[10,9,8,6,5,4,2,1,7,3],[10,9,8,6,5,4,2,1,7,3]],\"ex\":[{\"start1\":\"7\",\"end1\":\"3\",\"start2\":\"7\",\"end2\":\"3\"},{\"start1\":\"7\",\"end1\":\"3\",\"start2\":\"7\",\"end2\":\"3\"},{\"start1\":\"7\",\"end1\":\"3\",\"start2\":\"7\",\"end2\":\"3\"}]}', 0, 1, '2025-08-07 14:03:01'),
(10, '', 1, '2025-08-09', '{\"request\":[\"2\",\"2\",\"2\",\"2\",\"2\"],\"reserve\":[],\"time\":[\"09:45:00\",\"10:45\",\"11:45\",\"13:45\",\"15:45\"],\"time_plus\":[\"300\",\"315\",\"315\",\"315\",\"315\"],\"point\":[[1,2,3,5,6,7,8,9,10],[1,2,3,4,5,6,7,8,9,10],[1,2,3,4,5,6,7,8,9,10],[1,2,3,4,5,6,7,8,9,10],[1,2,3,4,5,6,7,8,9,10]],\"ex\":[{\"start1\":\"3\",\"end1\":\"7\",\"start2\":\"\",\"end2\":\"\"},{\"start1\":\"3\",\"end1\":\"7\",\"start2\":\"\",\"end2\":\"\"},{\"start1\":\"3\",\"end1\":\"7\",\"start2\":\"\",\"end2\":\"\"},{\"start1\":\"3\",\"end1\":\"7\",\"start2\":\"\",\"end2\":\"\"},{\"start1\":\"3\",\"end1\":\"7\",\"start2\":\"\",\"end2\":\"\"}]}', 0, 2, '2025-08-08 09:11:12'),
(11, '', 2, '2025-08-09', '{\"request\":[\"2\",\"2\",\"2\"],\"reserve\":[],\"time\":[\"09:45:00\",\"10:45\",\"11:45\"],\"time_plus\":[\"343\",\"343\",\"343\"],\"point\":[[10,9,8,7,6,5,4,3,2,1],[10,9,8,6,5,4,2,1,7,3],[10,9,8,6,5,4,2,1,7,3]],\"ex\":[{\"start1\":\"7\",\"end1\":\"3\",\"start2\":\"\",\"end2\":\"\"},{\"start1\":\"7\",\"end1\":\"3\",\"start2\":\"\",\"end2\":\"\"},{\"start1\":\"7\",\"end1\":\"3\",\"start2\":\"\",\"end2\":\"\"}]}', 0, 2, '2025-08-08 09:11:12'),
(12, '', 3, '2025-08-09', '{\"request\":[\"2\",\"2\",\"2\"],\"reserve\":[],\"time\":[\"09:45\",\"12:45\",\"15:45\"],\"time_plus\":[\"360\",\"360\",\"360\"],\"point\":[[14,15,16,18,19,20,11,12,13,17],[11,12,13,14,15,16,17,18,19,20],[14,15,16,18,19,20,11,12,13,17]],\"ex\":[{\"start1\":\"13\",\"end1\":\"17\",\"start2\":\"\",\"end2\":\"\"},{\"start1\":\"13\",\"end1\":\"17\",\"start2\":\"\",\"end2\":\"\"},{\"start1\":\"13\",\"end1\":\"17\",\"start2\":\"\",\"end2\":\"\"}]}', 0, 2, '2025-08-08 09:11:12'),
(13, '', 4, '2025-08-09', '{\"request\":[\"2\",\"2\",\"2\"],\"reserve\":[],\"time\":[\"10:45\",\"13:30\",\"18:45\"],\"time_plus\":[\"398\",\"398\",\"398\"],\"point\":[[20,19,18,16,15,14,17,13,12,11],[20,19,18,16,15,14,17,13,12,11],[20,19,18,16,15,14,17,13,12,11]],\"ex\":[{\"start1\":\"17\",\"end1\":\"13\",\"start2\":\"\",\"end2\":\"\"},{\"start1\":\"17\",\"end1\":\"13\",\"start2\":\"\",\"end2\":\"\"},{\"start1\":\"17\",\"end1\":\"13\",\"start2\":\"\",\"end2\":\"\"}]}', 0, 2, '2025-08-08 09:11:12'),
(14, '', 2, '2025-08-09', '{\"request\":[\"2\",\"2\",\"2\"],\"reserve\":[],\"time\":[\"09:45:00\",\"10:45\",\"11:45\"],\"time_plus\":[\"343\",\"343\",\"343\"],\"point\":[[10,9,8,7,6,5,4,3,2,1],[10,9,8,6,5,4,2,1,7,3],[10,9,8,6,5,4,2,1,7,3]],\"ex\":[{\"start1\":\"7\",\"end1\":\"3\",\"start2\":\"\",\"end2\":\"\"},{\"start1\":\"7\",\"end1\":\"3\",\"start2\":\"\",\"end2\":\"\"},{\"start1\":\"7\",\"end1\":\"3\",\"start2\":\"\",\"end2\":\"\"}]}', 0, 2, '2025-08-08 09:11:46'),
(15, '', 1, '2025-08-10', '{\"request\":[\"2\",\"2\",\"2\",\"2\",\"2\"],\"reserve\":[],\"time\":[\"09:45:00\",\"10:45\",\"11:45\",\"13:45\",\"15:45\"],\"time_plus\":[\"300\",\"315\",\"315\",\"315\",\"315\"],\"point\":[[1,2,3,5,6,7,8,9,10],[1,2,3,4,5,6,7,8,9,10],[1,2,3,4,5,6,7,8,9,10],[1,2,3,4,5,6,7,8,9,10],[1,2,3,4,5,6,7,8,9,10]],\"ex\":[{\"start1\":\"3\",\"end1\":\"7\",\"start2\":\"\",\"end2\":\"\"},{\"start1\":\"3\",\"end1\":\"7\",\"start2\":\"\",\"end2\":\"\"},{\"start1\":\"3\",\"end1\":\"7\",\"start2\":\"\",\"end2\":\"\"},{\"start1\":\"3\",\"end1\":\"7\",\"start2\":\"\",\"end2\":\"\"},{\"start1\":\"3\",\"end1\":\"7\",\"start2\":\"\",\"end2\":\"\"}]}', 0, 1, '2025-08-08 09:13:42'),
(16, '', 2, '2025-08-10', '{\"request\":[\"2\",\"2\",\"2\"],\"reserve\":[],\"time\":[\"09:45:00\",\"10:45\",\"11:45\"],\"time_plus\":[\"343\",\"343\",\"343\"],\"point\":[[10,9,8,7,6,5,4,3,2,1],[10,9,8,6,5,4,2,1,7,3],[10,9,8,6,5,4,2,1,7,3]],\"ex\":[{\"start1\":\"7\",\"end1\":\"3\",\"start2\":\"7\",\"end2\":\"3\"},{\"start1\":\"7\",\"end1\":\"3\",\"start2\":\"7\",\"end2\":\"3\"},{\"start1\":\"7\",\"end1\":\"3\",\"start2\":\"7\",\"end2\":\"3\"}]}', 0, 1, '2025-08-08 09:13:42'),
(17, '', 3, '2025-08-10', '{\"request\":[\"2\",\"2\",\"2\"],\"reserve\":[],\"time\":[\"09:45\",\"12:45\",\"15:45\"],\"time_plus\":[\"360\",\"360\",\"360\"],\"point\":[[14,15,16,18,19,20,11,12,13,17],[11,12,13,14,15,16,17,18,19,20],[14,15,16,18,19,20,11,12,13,17]],\"ex\":[{\"start1\":\"13\",\"end1\":\"17\",\"start2\":\"\",\"end2\":\"\"},{\"start1\":\"13\",\"end1\":\"17\",\"start2\":\"\",\"end2\":\"\"},{\"start1\":\"13\",\"end1\":\"17\",\"start2\":\"\",\"end2\":\"\"}]}', 0, 1, '2025-08-08 09:13:42'),
(18, '', 4, '2025-08-10', '{\"request\":[\"2\",\"2\",\"2\"],\"reserve\":[],\"time\":[\"10:45\",\"13:30\",\"18:45\"],\"time_plus\":[\"398\",\"398\",\"398\"],\"point\":[[20,19,18,16,15,14,17,13,12,11],[20,19,18,16,15,14,17,13,12,11],[20,19,18,16,15,14,17,13,12,11]],\"ex\":[{\"start1\":\"17\",\"end1\":\"13\",\"start2\":\"\",\"end2\":\"\"},{\"start1\":\"17\",\"end1\":\"13\",\"start2\":\"\",\"end2\":\"\"},{\"start1\":\"17\",\"end1\":\"13\",\"start2\":\"\",\"end2\":\"\"}]}', 0, 1, '2025-08-08 09:13:42'),
(19, '', 1, '2025-08-09', '{\"request\":[\"2\",\"2\",\"2\",\"2\",\"2\"],\"reserve\":[],\"time\":[\"09:45:00\",\"10:45\",\"11:45\",\"13:45\",\"15:45\"],\"time_plus\":[\"300\",\"315\",\"315\",\"315\",\"315\"],\"point\":[[1,2,3,5,6,7,8,9,10],[1,2,3,4,5,6,7,8,9,10],[1,2,3,4,5,6,7,8,9,10],[1,2,3,4,5,6,7,8,9,10],[1,2,3,4,5,6,7,8,9,10]],\"ex\":[{\"start1\":\"3\",\"end1\":\"7\",\"start2\":\"\",\"end2\":\"\"},{\"start1\":\"3\",\"end1\":\"7\",\"start2\":\"\",\"end2\":\"\"},{\"start1\":\"3\",\"end1\":\"7\",\"start2\":\"\",\"end2\":\"\"},{\"start1\":\"3\",\"end1\":\"7\",\"start2\":\"\",\"end2\":\"\"},{\"start1\":\"3\",\"end1\":\"7\",\"start2\":\"\",\"end2\":\"\"}]}', 0, 2, '2025-08-08 10:10:56'),
(20, '', 2, '2025-08-09', '{\"request\":[\"2\",\"2\",\"2\"],\"reserve\":[],\"time\":[\"09:45:00\",\"10:45\",\"11:45\"],\"time_plus\":[\"343\",\"343\",\"343\"],\"point\":[[10,9,8,7,6,5,4,3,2,1],[10,9,8,6,5,4,2,1,7,3],[10,9,8,6,5,4,2,1,7,3]],\"ex\":[{\"start1\":\"7\",\"end1\":\"3\",\"start2\":\"\",\"end2\":\"\"},{\"start1\":\"7\",\"end1\":\"3\",\"start2\":\"\",\"end2\":\"\"},{\"start1\":\"7\",\"end1\":\"3\",\"start2\":\"\",\"end2\":\"\"}]}', 0, 2, '2025-08-08 10:10:56'),
(21, '', 3, '2025-08-09', '{\"request\":[\"2\",\"2\",\"2\"],\"reserve\":[],\"time\":[\"09:45\",\"12:45\",\"15:45\"],\"time_plus\":[\"360\",\"360\",\"360\"],\"point\":[[14,15,16,18,19,20,11,12,13,17],[11,12,13,14,15,16,17,18,19,20],[14,15,16,18,19,20,11,12,13,17]],\"ex\":[{\"start1\":\"13\",\"end1\":\"17\",\"start2\":\"\",\"end2\":\"\"},{\"start1\":\"13\",\"end1\":\"17\",\"start2\":\"\",\"end2\":\"\"},{\"start1\":\"13\",\"end1\":\"17\",\"start2\":\"\",\"end2\":\"\"}]}', 0, 2, '2025-08-08 10:10:56'),
(22, '', 4, '2025-08-09', '{\"request\":[\"2\",\"2\",\"2\"],\"reserve\":[],\"time\":[\"10:45\",\"13:30\",\"18:45\"],\"time_plus\":[\"398\",\"398\",\"398\"],\"point\":[[20,19,18,16,15,14,17,13,12,11],[20,19,18,16,15,14,17,13,12,11],[20,19,18,16,15,14,17,13,12,11]],\"ex\":[{\"start1\":\"17\",\"end1\":\"13\",\"start2\":\"\",\"end2\":\"\"},{\"start1\":\"17\",\"end1\":\"13\",\"start2\":\"\",\"end2\":\"\"},{\"start1\":\"17\",\"end1\":\"13\",\"start2\":\"\",\"end2\":\"\"}]}', 0, 2, '2025-08-08 10:10:56'),
(23, '', 1, '2025-08-09', '{\"request\":[\"2\",\"2\",\"2\",\"2\",\"2\"],\"reserve\":[],\"time\":[\"09:45:00\",\"10:45\",\"11:45\",\"13:45\",\"15:45\"],\"time_plus\":[\"127\",\"315\",\"315\",\"315\",\"315\"],\"point\":[[1,3,7,10],[1,2,3,4,5,6,7,8,9,10],[1,2,3,4,5,6,7,8,9,10],[1,2,3,4,5,6,7,8,9,10],[1,2,3,4,5,6,7,8,9,10]],\"ex\":[{\"start1\":\"3\",\"end1\":\"7\",\"start2\":\"\",\"end2\":\"\"},{\"start1\":\"3\",\"end1\":\"7\",\"start2\":\"\",\"end2\":\"\"},{\"start1\":\"3\",\"end1\":\"7\",\"start2\":\"\",\"end2\":\"\"},{\"start1\":\"3\",\"end1\":\"7\",\"start2\":\"\",\"end2\":\"\"},{\"start1\":\"3\",\"end1\":\"7\",\"start2\":\"\",\"end2\":\"\"}]}', 0, 1, '2025-08-08 11:16:26'),
(24, '', 2, '2025-08-09', '{\"request\":[\"2\",\"2\",\"2\"],\"reserve\":[],\"time\":[\"09:45:00\",\"10:45\",\"11:45\"],\"time_plus\":[\"343\",\"343\",\"343\"],\"point\":[[10,9,8,7,6,5,4,3,2,1],[10,9,8,6,5,4,2,1,7,3],[10,9,8,6,5,4,2,1,7,3]],\"ex\":[{\"start1\":\"7\",\"end1\":\"3\",\"start2\":\"\",\"end2\":\"\"},{\"start1\":\"7\",\"end1\":\"3\",\"start2\":\"\",\"end2\":\"\"},{\"start1\":\"7\",\"end1\":\"3\",\"start2\":\"\",\"end2\":\"\"}]}', 0, 1, '2025-08-08 11:16:26'),
(25, '', 3, '2025-08-09', '{\"request\":[\"2\",\"2\",\"2\"],\"reserve\":[],\"time\":[\"09:45\",\"12:45\",\"15:45\"],\"time_plus\":[\"360\",\"360\",\"360\"],\"point\":[[14,15,16,18,19,20,11,12,13,17],[11,12,13,14,15,16,17,18,19,20],[14,15,16,18,19,20,11,12,13,17]],\"ex\":[{\"start1\":\"13\",\"end1\":\"17\",\"start2\":\"\",\"end2\":\"\"},{\"start1\":\"13\",\"end1\":\"17\",\"start2\":\"\",\"end2\":\"\"},{\"start1\":\"13\",\"end1\":\"17\",\"start2\":\"\",\"end2\":\"\"}]}', 0, 1, '2025-08-08 11:16:26'),
(26, '', 4, '2025-08-09', '{\"request\":[\"2\",\"2\",\"2\"],\"reserve\":[],\"time\":[\"10:45\",\"13:30\",\"18:45\"],\"time_plus\":[\"398\",\"398\",\"398\"],\"point\":[[20,19,18,16,15,14,17,13,12,11],[20,19,18,16,15,14,17,13,12,11],[20,19,18,16,15,14,17,13,12,11]],\"ex\":[{\"start1\":\"17\",\"end1\":\"13\",\"start2\":\"\",\"end2\":\"\"},{\"start1\":\"17\",\"end1\":\"13\",\"start2\":\"\",\"end2\":\"\"},{\"start1\":\"17\",\"end1\":\"13\",\"start2\":\"\",\"end2\":\"\"}]}', 0, 1, '2025-08-08 11:16:26'),
(27, 'หหหห', 1, '2025-08-08', '{\"request\":[\"2\",\"2\",\"2\",\"2\",\"2\"],\"reserve\":[],\"time\":[\"09:45:00\",\"10:45\",\"11:45\",\"13:45\",\"15:45\"],\"time_plus\":[\"315\",\"315\",\"315\",\"315\",\"315\"],\"point\":[[\"1\",\"2\",\"3\",\"4\",\"5\",\"6\",\"7\",\"8\",\"9\",\"10\"],[\"1\",\"2\",\"3\",\"4\",\"5\",\"6\",\"7\",\"8\",\"9\",\"10\"],[\"1\",\"2\",\"3\",\"4\",\"5\",\"6\",\"7\",\"8\",\"9\",\"10\"],[\"1\",\"2\",\"3\",\"4\",\"5\",\"6\",\"7\",\"8\",\"9\",\"10\"],[\"1\",\"2\",\"3\",\"4\",\"5\",\"6\",\"7\",\"8\",\"9\",\"10\"]],\"ex\":[{\"start1\":\"3\",\"end1\":\"7\",\"start2\":\"\",\"end2\":\"\"},{\"start1\":\"3\",\"end1\":\"7\",\"start2\":\"\",\"end2\":\"\"},{\"start1\":\"3\",\"end1\":\"7\",\"start2\":\"\",\"end2\":\"\"},{\"start1\":\"3\",\"end1\":\"7\",\"start2\":\"\",\"end2\":\"\"},{\"start1\":\"3\",\"end1\":\"7\",\"start2\":\"\",\"end2\":\"\"}]}', 0, 0, '2025-08-08 14:25:22'),
(28, 'แผนรถ', 1, '2025-08-08', '{\"request\":[\"2\",\"2\",\"2\",\"2\",\"2\"],\"reserve\":[],\"time\":[\"09:45:00\",\"10:45\",\"11:45\",\"13:45\",\"15:45\"],\"time_plus\":[\"315\",\"315\",\"315\",\"315\",\"315\"],\"point\":[[\"1\",\"2\",\"3\",\"4\",\"5\",\"6\",\"7\",\"8\",\"9\",\"10\"],[\"1\",\"2\",\"3\",\"4\",\"5\",\"6\",\"7\",\"8\",\"9\",\"10\"],[\"1\",\"2\",\"3\",\"4\",\"5\",\"6\",\"7\",\"8\",\"9\",\"10\"],[\"1\",\"2\",\"3\",\"4\",\"5\",\"6\",\"7\",\"8\",\"9\",\"10\"],[\"1\",\"2\",\"3\",\"4\",\"5\",\"6\",\"7\",\"8\",\"9\",\"10\"]],\"ex\":[{\"start1\":\"3\",\"end1\":\"7\",\"start2\":\"\",\"end2\":\"\"},{\"start1\":\"3\",\"end1\":\"7\",\"start2\":\"\",\"end2\":\"\"},{\"start1\":\"3\",\"end1\":\"7\",\"start2\":\"\",\"end2\":\"\"},{\"start1\":\"3\",\"end1\":\"7\",\"start2\":\"\",\"end2\":\"\"},{\"start1\":\"3\",\"end1\":\"7\",\"start2\":\"\",\"end2\":\"\"}]}', 0, 0, '2025-08-08 14:26:29'),
(29, 'หหหห', 1, '2025-08-08', '{\"request\":[\"2\",\"2\",\"2\",\"2\",\"2\"],\"reserve\":[],\"time\":[\"09:45:00\",\"10:45\",\"11:45\",\"13:45\",\"15:45\"],\"time_plus\":[\"315\",\"315\",\"315\",\"315\",\"315\"],\"point\":[[\"1\",\"2\",\"3\",\"4\",\"5\",\"6\",\"7\",\"8\",\"9\",\"10\"],[\"1\",\"2\",\"3\",\"4\",\"5\",\"6\",\"7\",\"8\",\"9\",\"10\"],[\"1\",\"2\",\"3\",\"4\",\"5\",\"6\",\"7\",\"8\",\"9\",\"10\"],[\"1\",\"2\",\"3\",\"4\",\"5\",\"6\",\"7\",\"8\",\"9\",\"10\"],[\"1\",\"2\",\"3\",\"4\",\"5\",\"6\",\"7\",\"8\",\"9\",\"10\"]],\"ex\":[{\"start1\":\"3\",\"end1\":\"7\",\"start2\":\"\",\"end2\":\"\"},{\"start1\":\"3\",\"end1\":\"7\",\"start2\":\"\",\"end2\":\"\"},{\"start1\":\"3\",\"end1\":\"7\",\"start2\":\"\",\"end2\":\"\"},{\"start1\":\"3\",\"end1\":\"7\",\"start2\":\"\",\"end2\":\"\"},{\"start1\":\"3\",\"end1\":\"7\",\"start2\":\"\",\"end2\":\"\"}]}', 0, 0, '2025-08-08 14:49:07'),
(30, 'แแแ', 2, '2025-08-08', '{\"request\":[\"2\",\"2\",\"2\"],\"reserve\":[],\"time\":[\"09:45:00\",\"10:45\",\"11:45\"],\"time_plus\":[\"343\",\"343\",\"343\"],\"point\":[[\"10\",\"9\",\"8\",\"7\",\"6\",\"5\",\"4\",\"3\",\"2\",\"1\"],[\"10\",\"9\",\"8\",\"6\",\"5\",\"4\",\"2\",\"1\",\"7\",\"3\"],[\"10\",\"9\",\"8\",\"6\",\"5\",\"4\",\"2\",\"1\",\"7\",\"3\"]],\"ex\":[{\"start1\":\"7\",\"end1\":\"3\",\"start2\":\"\",\"end2\":\"\"},{\"start1\":\"7\",\"end1\":\"3\",\"start2\":\"\",\"end2\":\"\"},{\"start1\":\"7\",\"end1\":\"3\",\"start2\":\"\",\"end2\":\"\"}]}', 0, 0, '2025-08-08 14:49:07'),
(31, 'แแ', 3, '2025-08-08', '{\"request\":[\"2\",\"2\",\"2\"],\"reserve\":[],\"time\":[\"09:45\",\"12:45\",\"15:45\"],\"time_plus\":[\"360\",\"360\",\"360\"],\"point\":[[\"14\",\"15\",\"16\",\"18\",\"19\",\"20\",\"11\",\"12\",\"13\",\"17\"],[\"11\",\"12\",\"13\",\"14\",\"15\",\"16\",\"17\",\"18\",\"19\",\"20\"],[\"14\",\"15\",\"16\",\"18\",\"19\",\"20\",\"11\",\"12\",\"13\",\"17\"]],\"ex\":[{\"start1\":\"13\",\"end1\":\"17\",\"start2\":\"\",\"end2\":\"\"},{\"start1\":\"13\",\"end1\":\"17\",\"start2\":\"\",\"end2\":\"\"},{\"start1\":\"13\",\"end1\":\"17\",\"start2\":\"\",\"end2\":\"\"}]}', 0, 0, '2025-08-08 14:49:07'),
(32, 'แแ', 4, '2025-08-08', '{\"request\":[\"2\",\"2\",\"2\"],\"reserve\":[],\"time\":[\"10:45\",\"13:30\",\"18:45\"],\"time_plus\":[\"398\",\"398\",\"398\"],\"point\":[[\"20\",\"19\",\"18\",\"16\",\"15\",\"14\",\"17\",\"13\",\"12\",\"11\"],[\"20\",\"19\",\"18\",\"16\",\"15\",\"14\",\"17\",\"13\",\"12\",\"11\"],[\"20\",\"19\",\"18\",\"16\",\"15\",\"14\",\"17\",\"13\",\"12\",\"11\"]],\"ex\":[{\"start1\":\"17\",\"end1\":\"13\",\"start2\":\"\",\"end2\":\"\"},{\"start1\":\"17\",\"end1\":\"13\",\"start2\":\"\",\"end2\":\"\"},{\"start1\":\"17\",\"end1\":\"13\",\"start2\":\"\",\"end2\":\"\"}]}', 0, 0, '2025-08-08 14:49:07'),
(33, '', 1, '2025-08-12', '{\"request\":[\"2\",\"2\",\"2\",\"2\",\"2\"],\"reserve\":[],\"time\":[\"09:45:00\",\"10:45\",\"11:45\",\"13:45\",\"15:45\"],\"time_plus\":[\"127\",\"315\",\"315\",\"315\",\"315\"],\"point\":[[1,3,7,10],[1,2,3,4,5,6,7,8,9,10],[1,2,3,4,5,6,7,8,9,10],[1,2,3,4,5,6,7,8,9,10],[1,2,3,4,5,6,7,8,9,10]],\"ex\":[{\"start1\":\"3\",\"end1\":\"7\",\"start2\":\"\",\"end2\":\"\"},{\"start1\":\"3\",\"end1\":\"7\",\"start2\":\"\",\"end2\":\"\"},{\"start1\":\"3\",\"end1\":\"7\",\"start2\":\"\",\"end2\":\"\"},{\"start1\":\"3\",\"end1\":\"7\",\"start2\":\"\",\"end2\":\"\"},{\"start1\":\"3\",\"end1\":\"7\",\"start2\":\"\",\"end2\":\"\"}]}', 0, 2, '2025-08-11 09:00:54'),
(34, '', 2, '2025-08-12', '{\"request\":[\"2\",\"2\",\"2\"],\"reserve\":[],\"time\":[\"09:45:00\",\"10:45\",\"11:45\"],\"time_plus\":[\"343\",\"343\",\"343\"],\"point\":[[10,9,8,7,6,5,4,3,2,1],[10,9,8,6,5,4,2,1,7,3],[10,9,8,6,5,4,2,1,7,3]],\"ex\":[{\"start1\":\"7\",\"end1\":\"3\",\"start2\":\"\",\"end2\":\"\"},{\"start1\":\"7\",\"end1\":\"3\",\"start2\":\"\",\"end2\":\"\"},{\"start1\":\"7\",\"end1\":\"3\",\"start2\":\"\",\"end2\":\"\"}]}', 0, 2, '2025-08-11 09:00:54'),
(35, '', 3, '2025-08-12', '{\"request\":[\"2\",\"2\",\"2\"],\"reserve\":[],\"time\":[\"09:45\",\"12:45\",\"15:45\"],\"time_plus\":[\"360\",\"360\",\"360\"],\"point\":[[14,15,16,18,19,20,11,12,13,17],[11,12,13,14,15,16,17,18,19,20],[14,15,16,18,19,20,11,12,13,17]],\"ex\":[{\"start1\":\"13\",\"end1\":\"17\",\"start2\":\"\",\"end2\":\"\"},{\"start1\":\"13\",\"end1\":\"17\",\"start2\":\"\",\"end2\":\"\"},{\"start1\":\"13\",\"end1\":\"17\",\"start2\":\"\",\"end2\":\"\"}]}', 0, 2, '2025-08-11 09:00:54'),
(36, '', 4, '2025-08-12', '{\"request\":[\"2\",\"2\",\"2\"],\"reserve\":[],\"time\":[\"10:45\",\"13:30\",\"18:45\"],\"time_plus\":[\"398\",\"398\",\"398\"],\"point\":[[20,19,18,16,15,14,17,13,12,11],[20,19,18,16,15,14,17,13,12,11],[20,19,18,16,15,14,17,13,12,11]],\"ex\":[{\"start1\":\"17\",\"end1\":\"13\",\"start2\":\"\",\"end2\":\"\"},{\"start1\":\"17\",\"end1\":\"13\",\"start2\":\"\",\"end2\":\"\"},{\"start1\":\"17\",\"end1\":\"13\",\"start2\":\"\",\"end2\":\"\"}]}', 0, 2, '2025-08-11 09:00:54'),
(37, '', 1, '2025-08-12', '{\"request\":[\"2\",\"2\",\"2\",\"2\",\"2\"],\"reserve\":[],\"time\":[\"09:45:00\",\"10:45\",\"11:45\",\"13:45\",\"15:45\"],\"time_plus\":[\"127\",\"315\",\"315\",\"315\",\"315\"],\"point\":[[1,3,7,10],[1,2,3,4,5,6,7,8,9,10],[1,2,3,4,5,6,7,8,9,10],[1,2,3,4,5,6,7,8,9,10],[1,2,3,4,5,6,7,8,9,10]],\"ex\":[{\"start1\":\"3\",\"end1\":\"7\",\"start2\":\"\",\"end2\":\"\"},{\"start1\":\"3\",\"end1\":\"7\",\"start2\":\"\",\"end2\":\"\"},{\"start1\":\"3\",\"end1\":\"7\",\"start2\":\"\",\"end2\":\"\"},{\"start1\":\"3\",\"end1\":\"7\",\"start2\":\"\",\"end2\":\"\"},{\"start1\":\"3\",\"end1\":\"7\",\"start2\":\"\",\"end2\":\"\"}]}', 0, 2, '2025-08-11 09:18:25'),
(38, '', 2, '2025-08-12', '{\"request\":[\"2\",\"2\",\"2\"],\"reserve\":[],\"time\":[\"09:45:00\",\"10:45\",\"11:45\"],\"time_plus\":[\"343\",\"343\",\"343\"],\"point\":[[10,9,8,7,6,5,4,3,2,1],[10,9,8,6,5,4,2,1,7,3],[10,9,8,6,5,4,2,1,7,3]],\"ex\":[{\"start1\":\"7\",\"end1\":\"3\",\"start2\":\"\",\"end2\":\"\"},{\"start1\":\"7\",\"end1\":\"3\",\"start2\":\"\",\"end2\":\"\"},{\"start1\":\"7\",\"end1\":\"3\",\"start2\":\"\",\"end2\":\"\"}]}', 0, 2, '2025-08-11 09:18:25'),
(39, '', 3, '2025-08-12', '{\"request\":[\"2\",\"2\",\"2\"],\"reserve\":[],\"time\":[\"09:45\",\"12:45\",\"15:45\"],\"time_plus\":[\"360\",\"360\",\"360\"],\"point\":[[14,15,16,18,19,20,11,12,13,17],[11,12,13,14,15,16,17,18,19,20],[14,15,16,18,19,20,11,12,13,17]],\"ex\":[{\"start1\":\"13\",\"end1\":\"17\",\"start2\":\"\",\"end2\":\"\"},{\"start1\":\"13\",\"end1\":\"17\",\"start2\":\"\",\"end2\":\"\"},{\"start1\":\"13\",\"end1\":\"17\",\"start2\":\"\",\"end2\":\"\"}]}', 0, 2, '2025-08-11 09:18:25'),
(40, '', 4, '2025-08-12', '{\"request\":[\"2\",\"2\",\"2\"],\"reserve\":[],\"time\":[\"10:45\",\"13:30\",\"18:45\"],\"time_plus\":[\"398\",\"398\",\"398\"],\"point\":[[20,19,18,16,15,14,17,13,12,11],[20,19,18,16,15,14,17,13,12,11],[20,19,18,16,15,14,17,13,12,11]],\"ex\":[{\"start1\":\"17\",\"end1\":\"13\",\"start2\":\"\",\"end2\":\"\"},{\"start1\":\"17\",\"end1\":\"13\",\"start2\":\"\",\"end2\":\"\"},{\"start1\":\"17\",\"end1\":\"13\",\"start2\":\"\",\"end2\":\"\"}]}', 0, 2, '2025-08-11 09:18:25'),
(41, '', 2, '2025-08-12', '{\"request\":[\"2\",\"2\",\"2\"],\"reserve\":[],\"time\":[\"09:45:00\",\"10:45\",\"11:45\"],\"time_plus\":[\"343\",\"343\",\"343\"],\"point\":[[10,9,8,7,6,5,4,3,2,1],[10,9,8,6,5,4,2,1,7,3],[10,9,8,6,5,4,2,1,7,3]],\"ex\":[{\"start1\":\"7\",\"end1\":\"3\",\"start2\":\"7\",\"end2\":\"3\"},{\"start1\":\"7\",\"end1\":\"3\",\"start2\":\"7\",\"end2\":\"3\"},{\"start1\":\"7\",\"end1\":\"3\",\"start2\":\"7\",\"end2\":\"3\"}]}', 0, 2, '2025-08-11 11:02:02'),
(42, '', 1, '2025-08-12', '{\"request\":[\"2\",\"2\",\"2\",\"2\",\"2\"],\"reserve\":[],\"time\":[\"09:45\",\"10:45\",\"11:45\",\"13:45\",\"15:45\"],\"time_plus\":[\"127\",\"315\",\"315\",\"315\",\"315\"],\"point\":[[1,3,7,10],[1,2,3,4,5,6,7,8,9,10],[1,2,3,4,5,6,7,8,9,10],[1,2,3,4,5,6,7,8,9,10],[1,2,3,4,5,6,7,8,9,10]],\"ex\":[{\"start1\":\"3\",\"end1\":\"7\",\"start2\":\"\",\"end2\":\"\"},{\"start1\":\"3\",\"end1\":\"7\",\"start2\":\"\",\"end2\":\"\"},{\"start1\":\"3\",\"end1\":\"7\",\"start2\":\"\",\"end2\":\"\"},{\"start1\":\"3\",\"end1\":\"7\",\"start2\":\"\",\"end2\":\"\"},{\"start1\":\"3\",\"end1\":\"7\",\"start2\":\"\",\"end2\":\"\"}]}', 0, 1, '2025-08-11 15:40:31'),
(43, '', 2, '2025-08-12', '{\"request\":[\"2\",\"2\",\"2\"],\"reserve\":[],\"time\":[\"09:45\",\"10:45\",\"11:45\"],\"time_plus\":[\"343\",\"343\",\"343\"],\"point\":[[10,9,8,7,6,5,4,3,2,1],[10,9,8,6,5,4,2,1,7,3],[10,9,8,6,5,4,2,1,7,3]],\"ex\":[{\"start1\":\"7\",\"end1\":\"3\",\"start2\":\"7\",\"end2\":\"3\"},{\"start1\":\"7\",\"end1\":\"3\",\"start2\":\"7\",\"end2\":\"3\"},{\"start1\":\"7\",\"end1\":\"3\",\"start2\":\"7\",\"end2\":\"3\"}]}', 0, 1, '2025-08-11 15:40:31'),
(44, '', 3, '2025-08-12', '{\"request\":[\"2\",\"2\",\"2\"],\"reserve\":[],\"time\":[\"09:45\",\"12:45\",\"15:45\"],\"time_plus\":[\"360\",\"360\",\"360\"],\"point\":[[14,15,16,18,19,20,11,12,13,17],[11,12,13,14,15,16,17,18,19,20],[14,15,16,18,19,20,11,12,13,17]],\"ex\":[{\"start1\":\"13\",\"end1\":\"17\",\"start2\":\"\",\"end2\":\"\"},{\"start1\":\"13\",\"end1\":\"17\",\"start2\":\"\",\"end2\":\"\"},{\"start1\":\"13\",\"end1\":\"17\",\"start2\":\"\",\"end2\":\"\"}]}', 0, 1, '2025-08-11 15:40:31'),
(45, '', 4, '2025-08-12', '{\"request\":[\"2\",\"2\",\"2\"],\"reserve\":[],\"time\":[\"10:45\",\"13:30\",\"18:45\"],\"time_plus\":[\"398\",\"398\",\"398\"],\"point\":[[20,19,18,16,15,14,17,13,12,11],[20,19,18,16,15,14,17,13,12,11],[20,19,18,16,15,14,17,13,12,11]],\"ex\":[{\"start1\":\"17\",\"end1\":\"13\",\"start2\":\"\",\"end2\":\"\"},{\"start1\":\"17\",\"end1\":\"13\",\"start2\":\"\",\"end2\":\"\"},{\"start1\":\"17\",\"end1\":\"13\",\"start2\":\"\",\"end2\":\"\"}]}', 0, 1, '2025-08-11 15:40:31'),
(46, '', 1, '2025-08-13', '{\"request\":[\"2\",\"2\",\"2\"],\"reserve\":[],\"time\":[\"09:45:00\",\"10:45\",\"11:45\"],\"time_plus\":[\"127\",\"315\",\"315\"],\"point\":[[1,3,7,10],[1,2,3,4,5,6,7,8,9,10],[1,2,3,4,5,6,7,8,9,10]],\"ex\":[{\"start1\":\"3\",\"end1\":\"7\",\"start2\":\"\",\"end2\":\"\"},{\"start1\":\"3\",\"end1\":\"7\",\"start2\":\"\",\"end2\":\"\"},{\"start1\":\"3\",\"end1\":\"7\",\"start2\":\"\",\"end2\":\"\"}]}', 0, 1, '2025-08-11 16:37:08'),
(47, '', 2, '2025-08-13', '{\"request\":[\"2\",\"2\",\"2\"],\"reserve\":[],\"time\":[\"09:45:00\",\"10:45\",\"11:45\"],\"time_plus\":[\"343\",\"343\",\"343\"],\"point\":[[10,9,8,7,6,5,4,3,2,1],[10,9,8,6,5,4,2,1,7,3],[10,9,8,6,5,4,2,1,7,3]],\"ex\":[{\"start1\":\"7\",\"end1\":\"3\",\"start2\":\"\",\"end2\":\"\"},{\"start1\":\"7\",\"end1\":\"3\",\"start2\":\"\",\"end2\":\"\"},{\"start1\":\"7\",\"end1\":\"3\",\"start2\":\"\",\"end2\":\"\"}]}', 0, 1, '2025-08-11 16:37:08'),
(48, '', 3, '2025-08-13', '{\"request\":[\"2\",\"2\",\"2\"],\"reserve\":[],\"time\":[\"09:45\",\"12:45\",\"15:45\"],\"time_plus\":[\"360\",\"360\",\"360\"],\"point\":[[14,15,16,18,19,20,11,12,13,17],[11,12,13,14,15,16,17,18,19,20],[14,15,16,18,19,20,11,12,13,17]],\"ex\":[{\"start1\":\"13\",\"end1\":\"17\",\"start2\":\"\",\"end2\":\"\"},{\"start1\":\"13\",\"end1\":\"17\",\"start2\":\"\",\"end2\":\"\"},{\"start1\":\"13\",\"end1\":\"17\",\"start2\":\"\",\"end2\":\"\"}]}', 0, 1, '2025-08-11 16:37:08'),
(49, '', 4, '2025-08-13', '{\"request\":[\"2\",\"2\",\"2\"],\"reserve\":[],\"time\":[\"10:45\",\"13:30\",\"18:45\"],\"time_plus\":[\"398\",\"398\",\"398\"],\"point\":[[20,19,18,16,15,14,17,13,12,11],[20,19,18,16,15,14,17,13,12,11],[20,19,18,16,15,14,17,13,12,11]],\"ex\":[{\"start1\":\"17\",\"end1\":\"13\",\"start2\":\"\",\"end2\":\"\"},{\"start1\":\"17\",\"end1\":\"13\",\"start2\":\"\",\"end2\":\"\"},{\"start1\":\"17\",\"end1\":\"13\",\"start2\":\"\",\"end2\":\"\"}]}', 0, 1, '2025-08-11 16:37:08');

-- --------------------------------------------------------

--
-- Table structure for table `queue_request`
--

CREATE TABLE `queue_request` (
  `qr_id` int(11) NOT NULL,
  `br_id` int(11) NOT NULL,
  `qr_name` varchar(255) NOT NULL,
  `br_go` int(11) NOT NULL,
  `qr_request` longtext CHARACTER SET utf8mb4 COLLATE utf8mb4_bin NOT NULL,
  `qr_return` longtext CHARACTER SET utf8mb4 COLLATE utf8mb4_bin NOT NULL CHECK (json_valid(`qr_return`))
) ENGINE=InnoDB DEFAULT CHARSET=utf8 COLLATE=utf8_general_ci;

--
-- Dumping data for table `queue_request`
--

INSERT INTO `queue_request` (`qr_id`, `br_id`, `qr_name`, `br_go`, `qr_request`, `qr_return`) VALUES
(1, 1, 'แผนมาตรฐานของสาย 1', 2, '{\"request\":[\"2\",\"2\",\"2\",\"2\",\"2\"],\"reserve\":[],\"time\":[\"09:45:00\",\"10:45\",\"11:45\",\"13:45\",\"15:45\"],\"time_plus\":[\"127\",\"315\",\"315\",\"315\",\"315\"],\"point\":[[1,3,7,10],[1,2,3,4,5,6,7,8,9,10],[1,2,3,4,5,6,7,8,9,10],[1,2,3,4,5,6,7,8,9,10],[1,2,3,4,5,6,7,8,9,10]],\"ex\":[{\"start1\":\"3\",\"end1\":\"7\",\"start2\":\"\",\"end2\":\"\"},{\"start1\":\"3\",\"end1\":\"7\",\"start2\":\"\",\"end2\":\"\"},{\"start1\":\"3\",\"end1\":\"7\",\"start2\":\"\",\"end2\":\"\"},{\"start1\":\"3\",\"end1\":\"7\",\"start2\":\"\",\"end2\":\"\"},{\"start1\":\"3\",\"end1\":\"7\",\"start2\":\"\",\"end2\":\"\"}]}', '[\"2\"]'),
(2, 2, 'แผนมาตรฐานของสาย 2', 1, '{\"request\":[\"2\",\"2\",\"2\"],\"reserve\":[],\"time\":[\"09:45:00\",\"10:45\",\"11:45\"],\"time_plus\":[\"343\",\"343\",\"343\"],\"point\":[[10,9,8,7,6,5,4,3,2,1],[10,9,8,6,5,4,2,1,7,3],[10,9,8,6,5,4,2,1,7,3]],\"ex\":[{\"start1\":\"7\",\"end1\":\"3\",\"start2\":\"\",\"end2\":\"\"},{\"start1\":\"7\",\"end1\":\"3\",\"start2\":\"\",\"end2\":\"\"},{\"start1\":\"7\",\"end1\":\"3\",\"start2\":\"\",\"end2\":\"\"}]}', '[\"1\"]'),
(3, 3, 'แผนมาตรฐานของสาย 3', 4, '{\"request\":[\"2\",\"2\",\"2\"],\"reserve\":[],\"time\":[\"09:45\",\"12:45\",\"15:45\"],\"time_plus\":[\"360\",\"360\",\"360\"],\"point\":[[14,15,16,18,19,20,11,12,13,17],[11,12,13,14,15,16,17,18,19,20],[14,15,16,18,19,20,11,12,13,17]],\"ex\":[{\"start1\":\"13\",\"end1\":\"17\",\"start2\":\"\",\"end2\":\"\"},{\"start1\":\"13\",\"end1\":\"17\",\"start2\":\"\",\"end2\":\"\"},{\"start1\":\"13\",\"end1\":\"17\",\"start2\":\"\",\"end2\":\"\"}]}', '[\"4\"]'),
(4, 4, 'แผนมาตรฐานของสาย 4', 3, '{\"request\":[\"2\",\"2\",\"2\"],\"reserve\":[],\"time\":[\"10:45\",\"13:30\",\"18:45\"],\"time_plus\":[\"398\",\"398\",\"398\"],\"point\":[[20,19,18,16,15,14,17,13,12,11],[20,19,18,16,15,14,17,13,12,11],[20,19,18,16,15,14,17,13,12,11]],\"ex\":[{\"start1\":\"17\",\"end1\":\"13\",\"start2\":\"\",\"end2\":\"\"},{\"start1\":\"17\",\"end1\":\"13\",\"start2\":\"\",\"end2\":\"\"},{\"start1\":\"17\",\"end1\":\"13\",\"start2\":\"\",\"end2\":\"\"}]}', '[\"3\"]');

-- --------------------------------------------------------

--
-- Table structure for table `route_type`
--

CREATE TABLE `route_type` (
  `rt_id` int(11) NOT NULL,
  `rt_name_th` varchar(255) NOT NULL,
  `rt_name_en` varchar(255) NOT NULL,
  `description_th` varchar(255) NOT NULL,
  `description_en` varchar(255) NOT NULL
) ENGINE=InnoDB DEFAULT CHARSET=utf8 COLLATE=utf8_general_ci;

--
-- Dumping data for table `route_type`
--

INSERT INTO `route_type` (`rt_id`, `rt_name_th`, `rt_name_en`, `description_th`, `description_en`) VALUES
(1, 'ขาไป', 'Outbound', 'เส้นทางขาออกจากต้นทาง', 'Route from origin'),
(2, 'ขากลับ', 'Inbound', 'เส้นทางขากลับสู่ต้นทาง', 'Route returning to origin');

--
-- Indexes for dumped tables
--

--
-- Indexes for table `break_point`
--
ALTER TABLE `break_point`
  ADD PRIMARY KEY (`brkp_id`);

--
-- Indexes for table `brk_in_route`
--
ALTER TABLE `brk_in_route`
  ADD PRIMARY KEY (`bir_id`);

--
-- Indexes for table `bus_group`
--
ALTER TABLE `bus_group`
  ADD PRIMARY KEY (`gb_id`);

--
-- Indexes for table `bus_info`
--
ALTER TABLE `bus_info`
  ADD PRIMARY KEY (`bi_id`);

--
-- Indexes for table `bus_plan`
--
ALTER TABLE `bus_plan`
  ADD PRIMARY KEY (`bp_id`);

--
-- Indexes for table `bus_routes`
--
ALTER TABLE `bus_routes`
  ADD PRIMARY KEY (`br_id`);

--
-- Indexes for table `bus_zone`
--
ALTER TABLE `bus_zone`
  ADD PRIMARY KEY (`bz_id`);

--
-- Indexes for table `employee`
--
ALTER TABLE `employee`
  ADD PRIMARY KEY (`em_id`);

--
-- Indexes for table `emp_history`
--
ALTER TABLE `emp_history`
  ADD PRIMARY KEY (`eh_id`);

--
-- Indexes for table `location`
--
ALTER TABLE `location`
  ADD PRIMARY KEY (`locat_id`);

--
-- Indexes for table `plan_request`
--
ALTER TABLE `plan_request`
  ADD PRIMARY KEY (`pr_id`);

--
-- Indexes for table `queue_request`
--
ALTER TABLE `queue_request`
  ADD PRIMARY KEY (`qr_id`);

--
-- Indexes for table `route_type`
--
ALTER TABLE `route_type`
  ADD PRIMARY KEY (`rt_id`);

--
-- AUTO_INCREMENT for dumped tables
--

--
-- AUTO_INCREMENT for table `break_point`
--
ALTER TABLE `break_point`
  MODIFY `brkp_id` int(11) NOT NULL AUTO_INCREMENT, AUTO_INCREMENT=31;

--
-- AUTO_INCREMENT for table `brk_in_route`
--
ALTER TABLE `brk_in_route`
  MODIFY `bir_id` int(11) NOT NULL AUTO_INCREMENT, AUTO_INCREMENT=41;

--
-- AUTO_INCREMENT for table `bus_group`
--
ALTER TABLE `bus_group`
  MODIFY `gb_id` int(11) NOT NULL AUTO_INCREMENT, AUTO_INCREMENT=27;

--
-- AUTO_INCREMENT for table `bus_info`
--
ALTER TABLE `bus_info`
  MODIFY `bi_id` int(11) NOT NULL AUTO_INCREMENT, AUTO_INCREMENT=21;

--
-- AUTO_INCREMENT for table `bus_plan`
--
ALTER TABLE `bus_plan`
  MODIFY `bp_id` int(11) NOT NULL AUTO_INCREMENT, AUTO_INCREMENT=27;

--
-- AUTO_INCREMENT for table `bus_routes`
--
ALTER TABLE `bus_routes`
  MODIFY `br_id` int(11) NOT NULL AUTO_INCREMENT, AUTO_INCREMENT=103;

--
-- AUTO_INCREMENT for table `bus_zone`
--
ALTER TABLE `bus_zone`
  MODIFY `bz_id` int(11) NOT NULL AUTO_INCREMENT, AUTO_INCREMENT=4;

--
-- AUTO_INCREMENT for table `employee`
--
ALTER TABLE `employee`
  MODIFY `em_id` int(11) NOT NULL AUTO_INCREMENT, AUTO_INCREMENT=70;

--
-- AUTO_INCREMENT for table `emp_history`
--
ALTER TABLE `emp_history`
  MODIFY `eh_id` int(11) NOT NULL AUTO_INCREMENT, AUTO_INCREMENT=189;

--
-- AUTO_INCREMENT for table `location`
--
ALTER TABLE `location`
  MODIFY `locat_id` int(11) NOT NULL AUTO_INCREMENT, AUTO_INCREMENT=37;

--
-- AUTO_INCREMENT for table `plan_request`
--
ALTER TABLE `plan_request`
  MODIFY `pr_id` int(11) NOT NULL AUTO_INCREMENT, AUTO_INCREMENT=50;

--
-- AUTO_INCREMENT for table `queue_request`
--
ALTER TABLE `queue_request`
  MODIFY `qr_id` int(11) NOT NULL AUTO_INCREMENT, AUTO_INCREMENT=6;

--
-- AUTO_INCREMENT for table `route_type`
--
ALTER TABLE `route_type`
  MODIFY `rt_id` int(11) NOT NULL AUTO_INCREMENT, AUTO_INCREMENT=3;
COMMIT;

/*!40101 SET CHARACTER_SET_CLIENT=@OLD_CHARACTER_SET_CLIENT */;
/*!40101 SET CHARACTER_SET_RESULTS=@OLD_CHARACTER_SET_RESULTS */;
/*!40101 SET COLLATION_CONNECTION=@OLD_COLLATION_CONNECTION */;
